record_date,language_id,project_id,calls_off,calls_ans,calls_ans_sl,calls_abn,calls_abn_sl,time_talk,time_hold,time_wrap,queue_ans
01/01/2018,2,27,8,8,7,0,0,2505,0,244,219
01/01/2018,7,27,6,6,5,0,0,1472,38,216,146
01/01/2018,14,27,17,15,13,2,2,3843,11,450,197
01/01/2018,17,27,11,11,11,0,0,6606,0,562,57
02/01/2018,2,27,7,6,6,1,0,2588,0,176,57
02/01/2018,7,27,46,46,40,0,0,18791,2164,2139,646
02/01/2018,8,27,2,2,2,0,0,753,0,36,18
02/01/2018,9,27,11,11,11,0,0,4815,0,257,86
02/01/2018,14,27,21,21,21,0,0,5576,0,364,206
02/01/2018,17,27,84,70,58,14,3,30942,0,3334,3529
03/01/2018,2,27,8,8,8,0,0,3266,0,297,91
03/01/2018,7,27,28,28,27,0,0,12696,913,1252,348
03/01/2018,8,27,4,3,3,1,1,840,0,104,44
03/01/2018,9,27,14,14,14,0,0,4303,0,453,111
03/01/2018,14,27,22,22,21,0,0,7011,0,494,295
03/01/2018,17,27,63,62,60,1,0,31141,0,3274,680
04/01/2018,2,27,15,15,13,0,0,4015,76,277,286
04/01/2018,7,27,38,38,32,0,0,16313,2703,1764,936
04/01/2018,8,27,2,2,2,0,0,411,0,107,14
04/01/2018,9,27,17,17,16,0,0,6451,0,348,175
04/01/2018,14,27,27,26,25,1,0,5754,0,765,357
04/01/2018,17,27,66,65,62,1,0,27095,0,3485,864
05/01/2018,2,27,2,2,2,0,0,1028,0,120,15
05/01/2018,7,27,27,27,27,0,0,13675,1308,1287,167
05/01/2018,8,27,4,4,4,0,0,1957,0,194,26
05/01/2018,9,27,5,5,5,0,0,1276,0,111,26
05/01/2018,14,27,5,5,5,0,0,2916,0,282,45
05/01/2018,17,27,61,57,56,4,3,29719,0,3039,370
06/01/2018,7,27,11,11,10,0,0,6278,483,660,501
06/01/2018,17,27,24,17,16,7,2,5066,0,359,205
07/01/2018,2,27,2,2,2,0,0,1462,0,42,23
07/01/2018,7,27,11,11,10,0,0,3386,208,560,544
07/01/2018,14,27,24,23,23,1,1,8289,54,623,228
07/01/2018,17,27,6,6,6,0,0,1550,0,301,34
08/01/2018,2,27,7,7,7,0,0,2020,30,206,69
08/01/2018,7,27,36,35,34,1,1,11687,1388,1852,252
08/01/2018,8,27,13,13,11,0,0,4839,0,477,306
08/01/2018,9,27,30,30,25,0,0,11511,0,589,643
08/01/2018,12,27,5,5,1,0,0,2080,0,29,383
08/01/2018,14,27,25,24,24,1,0,6474,280,892,211
08/01/2018,17,27,77,75,69,2,0,29919,0,3680,1850
09/01/2018,2,27,10,10,10,0,0,2936,0,291,105
09/01/2018,7,27,32,31,28,1,1,11266,1382,1288,478
09/01/2018,8,27,7,7,6,0,0,3033,0,261,104
09/01/2018,9,27,28,28,27,0,0,10540,32,520,251
09/01/2018,12,27,1,1,0,0,0,484,0,4,53
09/01/2018,14,27,18,17,17,1,0,5545,22,483,169
09/01/2018,17,27,75,72,72,3,1,32115,0,4104,423
10/01/2018,2,27,11,10,9,1,1,3437,116,288,121
10/01/2018,7,27,37,36,36,1,1,14405,1539,1545,194
10/01/2018,8,27,3,3,3,0,0,480,0,180,24
10/01/2018,9,27,13,13,13,0,0,3898,0,277,100
10/01/2018,14,27,24,23,23,1,1,6707,21,986,248
10/01/2018,17,27,70,65,61,5,4,23031,0,3311,794
11/01/2018,2,27,10,10,10,0,0,2165,63,223,82
11/01/2018,7,27,43,40,38,3,2,15332,2569,1765,464
11/01/2018,8,27,4,4,4,0,0,1185,0,107,59
11/01/2018,9,27,6,6,6,0,0,1556,0,168,38
11/01/2018,12,27,2,2,1,0,0,1095,0,46,73
11/01/2018,14,27,19,17,17,2,1,6431,92,641,174
11/01/2018,17,27,74,72,69,2,2,29617,0,3919,770
12/01/2018,7,27,28,28,28,0,0,10715,193,989,158
12/01/2018,8,27,3,3,3,0,0,1025,0,180,18
12/01/2018,9,27,5,5,5,0,0,1532,0,144,35
12/01/2018,12,27,2,2,1,0,0,2980,0,22,38
12/01/2018,14,27,9,9,9,0,0,2359,124,317,94
12/01/2018,17,27,69,66,65,3,2,27373,0,3437,390
13/01/2018,7,27,5,5,4,0,0,1897,376,300,64
13/01/2018,17,27,11,11,10,0,0,3052,0,369,192
14/01/2018,2,27,7,2,0,5,0,651,0,12,155
14/01/2018,7,27,11,7,5,4,0,2223,210,360,742
14/01/2018,14,27,39,30,26,9,3,8276,8,919,895
14/01/2018,17,27,14,14,14,0,0,4861,0,312,95
15/01/2018,2,27,5,5,4,0,0,606,0,225,183
15/01/2018,7,27,45,41,40,4,1,20491,2102,1586,466
15/01/2018,8,27,6,6,6,0,0,3845,0,122,47
15/01/2018,9,27,12,12,12,0,0,3433,0,295,79
15/01/2018,12,27,1,1,1,0,0,500,0,4,8
15/01/2018,14,27,100,87,74,13,5,32144,27,3315,1919
15/01/2018,17,27,71,67,65,4,3,22302,0,3965,774
16/01/2018,2,27,7,7,5,0,0,2168,0,420,308
16/01/2018,7,27,43,43,33,0,0,23973,4452,2098,1547
16/01/2018,8,27,5,4,4,1,1,2251,0,129,25
16/01/2018,9,27,18,18,17,0,0,12147,0,437,158
16/01/2018,12,27,2,2,1,0,0,1192,0,50,156
16/01/2018,14,27,72,67,55,5,1,22698,0,2286,2357
16/01/2018,17,27,58,54,54,4,4,18959,0,3029,399
17/01/2018,2,27,8,8,8,0,0,4280,0,319,81
17/01/2018,7,27,32,32,30,0,0,16019,1028,1287,399
17/01/2018,8,27,3,3,3,0,0,633,0,137,19
17/01/2018,9,27,18,18,17,0,0,5562,0,340,264
17/01/2018,14,27,29,26,24,3,2,8891,0,1098,522
17/01/2018,17,27,63,61,59,2,1,24869,0,3524,869
18/01/2018,2,27,10,9,9,1,0,2225,0,245,81
18/01/2018,7,27,23,23,22,0,0,10246,961,937,171
18/01/2018,8,27,4,4,4,0,0,1646,0,82,43
18/01/2018,9,27,7,7,7,0,0,3353,0,251,50
18/01/2018,12,27,3,3,1,0,0,766,0,15,142
18/01/2018,14,27,25,24,24,1,0,5456,0,738,232
18/01/2018,17,27,51,48,42,3,1,19871,0,2218,1624
19/01/2018,2,27,8,4,2,4,0,1342,0,175,265
19/01/2018,7,27,22,21,20,1,1,3831,954,883,152
19/01/2018,8,27,3,3,2,0,0,764,22,33,59
19/01/2018,9,27,7,7,7,0,0,1186,0,266,91
19/01/2018,12,27,4,3,2,1,0,3051,0,21,78
19/01/2018,14,27,9,8,8,1,0,2803,0,273,84
19/01/2018,17,27,67,46,42,21,7,18224,0,2358,1011
20/01/2018,7,27,14,14,14,0,0,2958,742,696,155
20/01/2018,17,27,8,8,8,0,0,6165,0,274,38
21/01/2018,2,27,7,7,6,0,0,2348,0,158,111
21/01/2018,7,27,8,8,8,0,0,2225,264,408,67
21/01/2018,14,27,15,15,14,0,0,4695,0,441,450
21/01/2018,17,27,7,7,7,0,0,2976,0,420,44
22/01/2018,2,27,6,6,6,0,0,1940,0,59,67
22/01/2018,7,27,34,34,33,0,0,14899,2069,1227,493
22/01/2018,8,27,7,7,7,0,0,2557,0,219,49
22/01/2018,9,27,16,16,12,0,0,8413,0,120,665
22/01/2018,12,27,1,1,1,0,0,48,0,5,9
22/01/2018,14,27,15,15,14,0,0,5227,0,411,216
22/01/2018,17,27,61,59,59,2,2,18919,0,3096,514
23/01/2018,2,27,9,9,9,0,0,3238,29,184,86
23/01/2018,7,27,24,24,23,0,0,8072,369,1229,405
23/01/2018,8,27,2,2,2,0,0,248,0,71,36
23/01/2018,9,27,10,10,10,0,0,2572,22,267,67
23/01/2018,12,27,1,1,0,0,0,433,0,8,39
23/01/2018,14,27,11,11,10,0,0,2546,39,221,158
23/01/2018,17,27,76,64,60,12,3,27367,0,3438,1155
24/01/2018,2,27,10,10,10,0,0,5569,33,178,109
24/01/2018,7,27,20,20,19,0,0,11454,2273,786,586
24/01/2018,8,27,5,4,4,1,1,2018,0,240,27
24/01/2018,9,27,11,11,11,0,0,6726,0,155,62
24/01/2018,12,27,1,1,0,0,0,217,0,18,52
24/01/2018,14,27,13,13,13,0,0,3588,86,293,125
24/01/2018,17,27,72,69,63,3,2,28885,0,3512,1571
25/01/2018,2,27,3,3,3,0,0,735,0,90,29
25/01/2018,7,27,29,28,23,1,0,10570,1417,1343,1126
25/01/2018,8,27,1,1,1,0,0,89,0,21,11
25/01/2018,9,27,7,7,7,0,0,2201,76,165,54
25/01/2018,12,27,1,1,1,0,0,1071,0,11,5
25/01/2018,14,27,14,13,13,1,1,3626,0,372,135
25/01/2018,17,27,93,74,69,19,4,23280,0,4298,1430
26/01/2018,2,27,1,1,1,0,0,735,0,36,12
26/01/2018,7,27,31,29,23,2,0,8831,372,1167,1012
26/01/2018,8,27,1,1,1,0,0,405,0,60,9
26/01/2018,9,27,13,13,13,0,0,8542,0,361,90
26/01/2018,12,27,1,1,1,0,0,127,0,13,8
26/01/2018,14,27,4,4,4,0,0,1038,59,111,45
26/01/2018,17,27,62,61,58,1,1,23158,0,3044,665
27/01/2018,7,27,7,6,5,1,0,1261,76,233,105
27/01/2018,17,27,20,19,19,1,1,9739,0,845,116
28/01/2018,2,27,5,5,5,0,0,967,0,200,45
28/01/2018,7,27,5,5,5,0,0,776,206,220,36
28/01/2018,14,27,16,16,16,0,0,6066,248,359,167
28/01/2018,17,27,18,14,14,4,0,6071,0,543,87
29/01/2018,2,27,9,9,9,0,0,2117,0,285,79
29/01/2018,7,27,39,39,38,0,0,13715,1467,1450,412
29/01/2018,8,27,6,6,6,0,0,2544,0,305,41
29/01/2018,9,27,14,14,12,0,0,5200,0,391,221
29/01/2018,12,27,1,1,1,0,0,763,0,60,6
29/01/2018,14,27,25,25,25,0,0,6491,17,751,237
29/01/2018,17,27,88,83,79,5,2,26243,0,4339,774
30/01/2018,2,27,11,11,11,0,0,2313,0,175,107
30/01/2018,7,27,34,34,29,0,0,15397,1617,1585,1145
30/01/2018,8,27,4,4,4,0,0,2045,0,133,29
30/01/2018,9,27,14,14,11,0,0,4968,0,274,313
30/01/2018,12,27,1,1,1,0,0,604,0,6,6
30/01/2018,14,27,15,15,14,0,0,3616,0,573,265
30/01/2018,17,27,80,77,75,3,2,28476,0,3808,836
31/01/2018,2,27,2,2,2,0,0,195,0,120,17
31/01/2018,7,27,26,26,25,0,0,10878,1002,1448,211
31/01/2018,8,27,4,3,3,1,1,353,0,180,18
31/01/2018,9,27,6,6,5,0,0,1969,0,103,90
31/01/2018,12,27,2,2,2,0,0,576,0,8,15
31/01/2018,14,27,15,15,13,0,0,4750,0,461,237
31/01/2018,17,27,55,52,52,3,0,26177,0,2725,316
01/02/2018,2,27,6,5,5,1,1,2996,0,155,56
01/02/2018,7,27,29,28,27,1,1,12180,1839,1124,580
01/02/2018,8,27,5,4,4,1,0,3127,0,187,25
01/02/2018,9,27,10,10,9,0,0,2598,0,282,144
01/02/2018,12,27,3,3,3,0,0,657,0,23,22
01/02/2018,14,27,19,18,15,1,1,5694,0,827,353
01/02/2018,17,27,64,63,54,1,0,25226,0,2687,2061
02/02/2018,2,27,1,1,1,0,0,1219,0,7,10
02/02/2018,7,27,22,22,21,0,0,6978,1350,894,189
02/02/2018,8,27,3,3,2,0,0,987,0,27,86
02/02/2018,9,27,4,4,3,0,0,620,0,104,59
02/02/2018,12,27,1,1,1,0,0,313,0,5,7
02/02/2018,14,27,9,9,9,0,0,1924,23,265,90
02/02/2018,17,27,77,71,67,6,1,24971,0,3412,969
03/02/2018,7,27,11,10,10,1,0,2889,295,600,62
03/02/2018,17,27,14,14,14,0,0,6301,0,614,111
04/02/2018,2,27,3,3,3,0,0,761,0,72,29
04/02/2018,7,27,6,6,6,0,0,2150,0,258,26
04/02/2018,14,27,12,12,12,0,0,2676,24,241,130
04/02/2018,17,27,11,11,11,0,0,6213,0,660,62
05/02/2018,2,27,8,8,8,0,0,5806,44,300,71
05/02/2018,7,27,38,37,37,1,1,11732,1298,1561,198
05/02/2018,8,27,3,3,3,0,0,828,0,81,15
05/02/2018,9,27,5,5,4,0,0,3459,0,177,66
05/02/2018,14,27,24,24,24,0,0,7138,0,525,250
05/02/2018,17,27,64,61,61,3,0,21222,0,3039,463
06/02/2018,2,27,6,6,6,0,0,2150,0,244,62
06/02/2018,7,27,40,40,40,0,0,14168,1966,1780,220
06/02/2018,8,27,9,9,8,0,0,3834,0,309,192
06/02/2018,9,27,8,8,8,0,0,2404,20,154,57
06/02/2018,12,27,2,2,1,0,0,4241,0,34,241
06/02/2018,14,27,21,19,19,2,2,3187,45,737,198
06/02/2018,17,27,63,62,58,1,1,25318,0,3326,1036
07/02/2018,2,27,12,12,12,0,0,4119,0,383,123
07/02/2018,7,27,39,38,37,1,1,15390,1410,1598,306
07/02/2018,8,27,4,4,4,0,0,2010,0,148,31
07/02/2018,9,27,9,9,8,0,0,8738,0,282,123
07/02/2018,12,27,1,1,0,0,0,478,0,9,58
07/02/2018,14,27,15,15,15,0,0,4353,0,507,160
07/02/2018,17,27,71,69,68,2,2,22148,0,3425,595
08/02/2018,2,27,6,6,6,0,0,633,0,214,60
08/02/2018,7,27,25,25,24,0,0,10990,2809,1023,236
08/02/2018,8,27,6,5,5,1,0,1213,0,178,33
08/02/2018,9,27,11,11,10,0,0,5357,0,222,126
08/02/2018,14,27,10,10,10,0,0,2417,0,298,111
08/02/2018,17,27,64,63,61,1,1,29319,0,3726,451
09/02/2018,2,27,1,1,1,0,0,390,0,60,14
09/02/2018,7,27,26,25,25,1,1,12614,2356,837,131
09/02/2018,8,27,6,6,6,0,0,2828,0,253,54
09/02/2018,9,27,10,10,7,0,0,6624,0,105,384
09/02/2018,14,27,7,6,6,1,0,1550,45,200,68
09/02/2018,17,27,46,44,44,2,2,15133,0,2404,316
10/02/2018,2,27,8,8,7,0,0,2229,0,267,232
10/02/2018,7,27,4,4,4,0,0,982,31,240,26
10/02/2018,17,27,11,10,10,1,0,5067,0,600,50
11/02/2018,2,27,4,3,3,1,0,705,0,169,31
11/02/2018,7,27,6,4,4,2,1,990,0,228,20
11/02/2018,14,27,16,15,14,1,1,3759,0,639,256
11/02/2018,17,27,24,22,21,2,0,3346,0,393,792
12/02/2018,2,27,5,5,4,0,0,2163,0,149,85
12/02/2018,7,27,38,38,36,0,0,14821,634,1299,433
12/02/2018,8,27,2,2,2,0,0,935,0,8,16
12/02/2018,9,27,6,6,5,0,0,4561,0,193,212
12/02/2018,14,27,34,30,29,4,1,8095,19,1465,328
12/02/2018,17,27,25,24,24,1,0,11663,0,1346,150
13/02/2018,2,27,4,4,4,0,0,732,0,137,29
13/02/2018,7,27,27,27,27,0,0,13503,2058,1016,140
13/02/2018,9,27,19,19,17,0,0,9372,0,373,286
13/02/2018,12,27,2,2,2,0,0,1132,0,13,16
13/02/2018,14,27,17,17,15,0,0,3719,28,571,287
13/02/2018,17,27,42,40,39,2,1,13657,0,2101,308
14/02/2018,2,27,1,1,1,0,0,192,0,60,9
14/02/2018,7,27,21,21,21,0,0,8875,1654,785,109
14/02/2018,8,27,2,2,1,0,0,2185,0,69,273
14/02/2018,9,27,18,18,18,0,0,5773,0,553,145
14/02/2018,12,27,3,1,1,2,0,363,0,5,10
14/02/2018,14,27,4,4,4,0,0,999,0,97,49
14/02/2018,17,27,73,64,58,9,3,28795,0,3521,1206
15/02/2018,7,27,21,20,19,1,0,9531,1081,862,413
15/02/2018,8,27,2,2,2,0,0,532,0,128,15
15/02/2018,9,27,9,7,7,2,0,2177,0,172,48
15/02/2018,17,27,52,49,47,3,1,18412,0,2813,728
16/02/2018,7,27,23,23,21,0,0,9078,1050,984,323
16/02/2018,8,27,4,4,4,0,0,1166,26,138,30
16/02/2018,9,27,8,8,8,0,0,1992,0,173,68
16/02/2018,12,27,3,3,1,0,0,3199,0,71,178
16/02/2018,17,27,55,53,52,2,1,21898,0,2931,442
17/02/2018,7,27,6,6,6,0,0,4787,72,360,38
17/02/2018,17,27,25,24,18,1,0,6779,0,1137,341
18/02/2018,7,27,4,3,3,1,0,818,149,117,18
18/02/2018,14,27,16,12,11,4,0,3223,19,372,144
18/02/2018,17,27,18,17,17,1,1,6790,0,969,125
19/02/2018,2,27,1,1,1,0,0,828,0,7,12
19/02/2018,7,27,25,25,25,0,0,7668,1026,1017,130
19/02/2018,8,27,2,1,1,1,0,433,0,17,9
19/02/2018,9,27,4,4,4,0,0,2924,0,169,26
19/02/2018,12,27,1,1,1,0,0,238,0,8,7
19/02/2018,14,27,23,18,18,5,1,4017,63,648,184
19/02/2018,17,27,70,67,64,3,2,28610,0,3558,717
20/02/2018,7,27,26,25,25,1,0,11234,754,1034,141
20/02/2018,8,27,10,6,6,4,1,2412,0,232,36
20/02/2018,9,27,14,13,13,1,1,3406,0,311,115
20/02/2018,12,27,1,1,0,0,0,440,0,5,31
20/02/2018,14,27,11,11,11,0,0,1905,80,296,123
20/02/2018,17,27,86,76,66,10,3,38746,0,4165,1957
21/02/2018,2,27,9,9,9,0,0,4023,0,388,93
21/02/2018,7,27,25,24,24,1,1,8601,1024,1040,129
21/02/2018,8,27,5,5,5,0,0,1992,0,199,21
21/02/2018,9,27,14,14,14,0,0,3507,0,433,135
21/02/2018,14,27,23,23,23,0,0,5968,146,654,253
21/02/2018,17,27,84,75,71,9,5,33916,0,3871,969
22/02/2018,2,27,6,6,6,0,0,1841,0,145,57
22/02/2018,7,27,17,17,17,0,0,9353,535,608,94
22/02/2018,8,27,4,4,4,0,0,1054,0,161,42
22/02/2018,9,27,9,9,8,0,0,3632,0,141,126
22/02/2018,14,27,15,15,15,0,0,3981,0,360,147
22/02/2018,17,27,90,87,85,3,1,31562,0,4831,771
23/02/2018,2,27,3,3,3,0,0,569,0,83,21
23/02/2018,7,27,22,22,19,0,0,6803,617,828,624
23/02/2018,9,27,7,7,7,0,0,1906,0,335,68
23/02/2018,12,27,1,1,1,0,0,771,0,4,2
23/02/2018,14,27,6,6,6,0,0,1896,0,200,55
23/02/2018,17,27,55,55,52,0,0,25951,0,2928,454
24/02/2018,2,27,2,1,1,1,0,142,0,60,9
24/02/2018,7,27,14,10,10,4,0,2098,48,559,59
24/02/2018,17,27,31,25,25,6,3,6684,0,1192,197
25/02/2018,2,27,4,4,4,0,0,1619,0,188,43
25/02/2018,7,27,17,13,11,4,0,5507,508,778,969
25/02/2018,14,27,11,11,11,0,0,4543,0,357,116
25/02/2018,17,27,19,17,16,2,1,5702,0,540,136
26/02/2018,2,27,11,11,9,0,0,4179,37,457,932
26/02/2018,7,27,27,27,24,0,0,10889,1910,1279,699
26/02/2018,8,27,4,3,3,1,0,1372,0,76,19
26/02/2018,9,27,11,11,10,0,0,3783,0,176,109
26/02/2018,12,27,7,7,4,0,0,1685,0,100,857
26/02/2018,14,27,23,20,19,3,0,5416,1,603,381
26/02/2018,17,27,98,91,78,7,3,33449,0,4973,1692
27/02/2018,2,27,11,11,10,0,0,3542,0,467,369
27/02/2018,7,27,23,23,22,0,0,6798,697,1093,158
27/02/2018,8,27,3,3,3,0,0,723,0,94,20
27/02/2018,9,27,10,10,10,0,0,5575,0,177,80
27/02/2018,12,27,5,5,4,0,0,947,0,203,112
27/02/2018,14,27,20,20,18,0,0,4699,67,535,329
27/02/2018,17,27,82,77,67,5,3,29977,0,4172,1294
28/02/2018,2,27,8,8,8,0,0,1544,0,268,82
28/02/2018,7,27,23,23,22,0,0,8592,493,1116,358
28/02/2018,8,27,2,2,2,0,0,333,0,64,10
28/02/2018,9,27,15,15,12,0,0,5315,0,358,567
28/02/2018,12,27,3,3,3,0,0,897,0,125,20
28/02/2018,14,27,11,11,11,0,0,3684,0,383,114
28/02/2018,17,27,92,83,76,9,5,31470,0,4409,1089
01/03/2018,2,27,5,4,4,1,1,785,0,84,38
01/03/2018,7,27,24,24,23,0,0,7525,644,1080,358
01/03/2018,8,27,5,5,4,0,0,2449,0,157,84
01/03/2018,9,27,10,9,9,1,1,4979,0,224,58
01/03/2018,14,27,17,17,16,0,0,4892,19,240,214
01/03/2018,17,27,73,68,64,5,2,22811,0,3482,929
02/03/2018,2,27,1,1,1,0,0,2826,0,60,7
02/03/2018,7,27,28,28,28,0,0,9917,1274,1126,166
02/03/2018,8,27,4,3,3,1,1,768,0,15,19
02/03/2018,9,27,6,6,6,0,0,2992,0,158,33
02/03/2018,14,27,1,1,1,0,0,102,22,5,9
02/03/2018,17,27,60,59,56,1,1,21713,0,3143,1311
03/03/2018,7,27,12,10,8,2,0,2612,44,600,3009
03/03/2018,17,27,16,16,14,0,0,6879,0,400,142
04/03/2018,2,27,3,3,3,0,0,1971,0,27,33
04/03/2018,7,27,15,15,13,0,0,3470,1069,702,315
04/03/2018,14,27,17,16,15,1,1,5301,29,262,415
04/03/2018,17,27,41,32,31,9,1,13007,0,1092,151
05/03/2018,2,27,10,9,9,1,0,1590,0,340,73
05/03/2018,7,27,38,37,36,1,0,17684,2154,1564,300
05/03/2018,8,27,1,1,1,0,0,218,0,4,8
05/03/2018,9,27,15,15,13,0,0,5629,0,267,295
05/03/2018,12,27,3,3,3,0,0,441,0,21,22
05/03/2018,14,27,25,22,21,3,0,6938,20,898,248
05/03/2018,17,27,81,77,67,4,0,28747,0,4071,1579
06/03/2018,2,27,14,14,14,0,0,4280,0,298,123
06/03/2018,7,27,30,30,27,0,0,12643,866,954,878
06/03/2018,8,27,6,5,5,1,0,1661,0,141,50
06/03/2018,9,27,18,17,16,1,0,5330,0,228,268
06/03/2018,12,27,2,2,1,0,0,2184,0,16,78
06/03/2018,14,27,22,22,19,0,0,4879,116,683,462
06/03/2018,17,27,52,52,52,0,0,15387,0,2799,255
07/03/2018,2,27,7,7,7,0,0,1222,75,158,60
07/03/2018,7,27,24,24,24,0,0,9740,1047,1113,127
07/03/2018,8,27,4,3,3,1,0,1864,170,125,17
07/03/2018,9,27,8,8,8,0,0,5961,0,155,46
07/03/2018,12,27,1,1,0,0,0,468,0,3,50
07/03/2018,14,27,32,28,26,4,0,8242,53,789,415
07/03/2018,17,27,68,64,64,4,4,29793,0,3134,350
08/03/2018,2,27,3,3,3,0,0,678,0,79,28
08/03/2018,7,27,28,28,26,0,0,10931,2045,1121,483
08/03/2018,8,27,3,3,3,0,0,665,0,130,17
08/03/2018,9,27,12,12,10,0,0,3734,0,274,200
08/03/2018,12,27,7,4,4,3,0,1812,0,108,28
08/03/2018,14,27,20,17,16,3,3,4957,33,499,219
08/03/2018,17,27,72,71,70,1,0,28584,0,4053,431
09/03/2018,7,27,24,24,21,0,0,9131,591,931,955
09/03/2018,9,27,11,11,11,0,0,6615,0,354,77
09/03/2018,12,27,4,4,4,0,0,505,0,100,35
09/03/2018,14,27,1,1,1,0,0,183,0,60,10
09/03/2018,17,27,52,49,48,3,2,24393,0,2675,376
10/03/2018,7,27,9,9,9,0,0,3550,514,474,61
10/03/2018,17,27,10,10,10,0,0,3320,0,406,52
11/03/2018,2,27,2,2,2,0,0,1817,0,64,21
11/03/2018,7,27,13,13,11,0,0,4863,673,546,850
11/03/2018,14,27,12,12,12,0,0,4272,0,422,120
11/03/2018,17,27,19,18,18,1,0,4455,0,500,100
12/03/2018,2,27,7,7,7,0,0,1244,0,84,76
12/03/2018,7,27,51,49,42,2,0,16809,1087,2082,1175
12/03/2018,8,27,3,2,2,1,0,772,0,12,14
12/03/2018,9,27,13,12,11,1,0,6353,0,141,117
12/03/2018,12,27,5,5,5,0,0,3273,0,167,33
12/03/2018,14,27,18,18,18,0,0,5035,0,360,185
12/03/2018,17,27,90,87,83,3,2,31981,0,4907,863
13/03/2018,2,27,8,7,7,1,1,1398,0,85,66
13/03/2018,7,27,37,37,35,0,0,10503,1166,1572,484
13/03/2018,8,27,4,4,4,0,0,1176,0,185,20
13/03/2018,9,27,11,10,8,1,0,3871,0,173,225
13/03/2018,12,27,2,2,2,0,0,312,0,70,13
13/03/2018,14,27,7,6,6,1,0,1467,9,156,54
13/03/2018,17,27,96,94,92,2,2,38627,0,5103,811
14/03/2018,2,27,5,5,5,0,0,887,0,163,54
14/03/2018,7,27,48,43,37,5,0,17386,1420,1944,969
14/03/2018,9,27,4,4,4,0,0,941,0,61,20
14/03/2018,12,27,3,3,3,0,0,1868,0,71,18
14/03/2018,14,27,14,13,13,1,1,2175,0,455,128
14/03/2018,17,27,53,52,50,1,1,19180,0,2849,417
15/03/2018,2,27,6,6,6,0,0,2808,0,221,57
15/03/2018,7,27,29,29,26,0,0,11626,1824,1131,739
15/03/2018,8,27,6,6,6,0,0,1336,0,257,36
15/03/2018,9,27,5,5,5,0,0,2038,0,130,34
15/03/2018,12,27,1,1,1,0,0,87,0,60,6
15/03/2018,14,27,7,7,7,0,0,1396,0,120,74
15/03/2018,17,27,56,54,51,2,0,19896,0,3081,1020
16/03/2018,2,27,3,3,3,0,0,775,0,131,31
16/03/2018,7,27,39,39,33,0,0,17745,2109,1386,1528
16/03/2018,8,27,3,3,3,0,0,1549,0,95,24
16/03/2018,9,27,12,12,11,0,0,5018,0,186,147
16/03/2018,12,27,2,1,1,1,1,400,0,60,1
16/03/2018,14,27,7,7,7,0,0,1572,0,257,74
16/03/2018,17,27,71,67,62,4,1,30966,0,3745,862
17/03/2018,7,27,18,13,12,5,1,7625,622,650,954
17/03/2018,17,27,9,9,9,0,0,6136,0,375,64
18/03/2018,2,27,8,7,7,1,1,1603,0,277,61
18/03/2018,7,27,7,7,7,0,0,1652,240,391,37
18/03/2018,14,27,8,7,7,1,1,1472,0,212,69
18/03/2018,17,27,10,10,8,0,0,4145,0,421,106
19/03/2018,2,27,2,2,2,0,0,513,0,32,22
19/03/2018,7,27,25,25,23,0,0,11420,1584,1105,614
19/03/2018,8,27,1,1,1,0,0,312,0,5,10
19/03/2018,9,27,6,6,6,0,0,2509,0,76,37
19/03/2018,12,27,2,2,2,0,0,848,0,120,22
19/03/2018,14,27,7,7,7,0,0,3462,0,277,74
19/03/2018,17,27,102,85,64,17,5,29500,0,4761,3850
20/03/2018,2,27,4,4,4,0,0,1870,0,174,51
20/03/2018,7,27,34,33,33,1,1,19867,1304,1492,195
20/03/2018,8,27,2,2,2,0,0,277,0,10,21
20/03/2018,9,27,8,8,8,0,0,4396,0,89,47
20/03/2018,12,27,1,1,0,0,0,1649,0,16,79
20/03/2018,14,27,11,11,11,0,0,3896,0,519,110
20/03/2018,17,27,51,50,48,1,0,19299,0,2717,463
21/03/2018,2,27,4,4,4,0,0,1301,0,184,40
21/03/2018,7,27,33,33,30,0,0,11749,1257,1390,624
21/03/2018,9,27,7,7,7,0,0,2718,0,151,53
21/03/2018,12,27,2,2,2,0,0,2293,0,64,30
21/03/2018,14,27,11,11,11,0,0,4221,0,490,112
21/03/2018,17,27,94,90,82,4,2,30079,0,4849,946
22/03/2018,2,27,5,5,5,0,0,897,0,246,52
22/03/2018,7,27,37,37,35,0,0,12935,1845,1572,471
22/03/2018,8,27,1,1,1,0,0,45,0,52,9
22/03/2018,9,27,6,6,6,0,0,3042,0,190,52
22/03/2018,12,27,1,1,1,0,0,96,0,60,6
22/03/2018,14,27,9,9,9,0,0,1077,0,351,88
22/03/2018,17,27,50,50,50,0,0,21036,0,2697,262
23/03/2018,2,27,2,2,2,0,0,1132,0,110,19
23/03/2018,7,27,25,25,22,0,0,11178,1585,1087,413
23/03/2018,8,27,3,3,3,0,0,1283,0,36,26
23/03/2018,9,27,3,3,3,0,0,1000,75,65,30
23/03/2018,12,27,1,1,1,0,0,450,0,60,6
23/03/2018,14,27,3,3,3,0,0,733,0,128,27
23/03/2018,17,27,55,53,49,2,1,20261,0,2930,1398
24/03/2018,7,27,14,13,11,1,0,4984,810,661,204
24/03/2018,17,27,6,6,6,0,0,2550,0,253,32
25/03/2018,2,27,5,5,5,0,0,1235,0,147,40
25/03/2018,7,27,9,9,9,0,0,2050,502,540,62
25/03/2018,14,27,6,6,6,0,0,1635,0,169,59
25/03/2018,17,27,24,23,21,1,0,9318,0,1113,317
26/03/2018,2,27,8,8,8,0,0,3561,0,287,79
26/03/2018,7,27,35,34,32,1,1,15616,1347,1647,605
26/03/2018,8,27,3,1,1,2,0,97,0,4,7
26/03/2018,9,27,7,6,6,1,0,2569,0,104,37
26/03/2018,12,27,2,2,2,0,0,1509,0,13,27
26/03/2018,14,27,14,13,13,1,1,3426,0,474,126
26/03/2018,17,27,56,54,52,2,0,19363,0,3086,734
27/03/2018,2,27,6,6,6,0,0,1995,0,135,61
27/03/2018,7,27,33,32,30,1,0,17118,1623,1293,642
27/03/2018,8,27,3,3,3,0,0,713,0,94,21
27/03/2018,9,27,10,10,10,0,0,2256,0,175,64
27/03/2018,14,27,9,9,9,0,0,1964,57,285,80
27/03/2018,17,27,57,55,53,2,1,19422,0,3000,493
28/03/2018,7,27,32,29,28,3,1,14995,1795,1199,538
28/03/2018,8,27,3,3,3,0,0,523,0,76,22
28/03/2018,9,27,8,8,8,0,0,2904,0,201,42
28/03/2018,14,27,12,10,10,2,1,2681,0,390,90
28/03/2018,17,27,54,54,54,0,0,22541,0,2931,283
29/03/2018,2,27,4,4,3,0,0,787,0,190,256
29/03/2018,7,27,23,23,23,0,0,10012,1620,919,134
29/03/2018,8,27,3,3,2,0,0,990,0,81,80
29/03/2018,9,27,6,6,6,0,0,3661,0,87,45
29/03/2018,12,27,1,1,1,0,0,102,0,35,8
29/03/2018,14,27,8,7,7,1,0,1372,12,225,69
29/03/2018,17,27,56,54,50,2,1,23437,0,2982,666
30/03/2018,2,27,1,1,1,0,0,326,0,60,12
30/03/2018,7,27,14,13,13,1,1,5183,634,622,84
30/03/2018,14,27,6,6,6,0,0,1926,0,258,66
30/03/2018,17,27,32,23,20,9,2,6843,0,1179,1151
31/03/2018,7,27,6,4,4,2,0,1840,576,211,26
31/03/2018,17,27,9,9,9,0,0,3486,0,515,58
01/04/2018,2,27,7,7,7,0,0,1655,0,262,65
01/04/2018,7,27,10,8,7,2,0,5378,1823,439,699
01/04/2018,14,27,13,11,11,2,1,1350,0,257,112
01/04/2018,17,27,8,8,7,0,0,2254,0,322,152
02/04/2018,2,27,13,13,13,0,0,2333,0,522,112
02/04/2018,7,27,36,36,27,0,0,13644,1462,1741,2272
02/04/2018,14,27,22,20,20,2,0,6514,12,505,191
02/04/2018,17,27,25,25,25,0,0,8781,0,1422,168
03/04/2018,2,27,6,6,6,0,0,976,0,179,55
03/04/2018,7,27,37,36,32,1,0,13406,2187,1700,719
03/04/2018,8,27,2,2,2,0,0,802,0,24,33
03/04/2018,9,27,12,12,11,0,0,3184,0,221,110
03/04/2018,12,27,2,2,2,0,0,265,0,120,12
03/04/2018,14,27,33,31,31,2,1,9108,0,1014,304
03/04/2018,17,27,102,84,68,18,7,26672,0,4297,3516
04/04/2018,2,27,5,5,5,0,0,1899,0,112,45
04/04/2018,7,27,48,48,45,0,0,20563,2040,1777,502
04/04/2018,8,27,4,4,3,0,0,858,0,134,58
04/04/2018,9,27,12,12,11,0,0,6807,0,244,140
04/04/2018,14,27,23,19,19,4,1,6258,0,609,209
04/04/2018,17,27,68,60,54,8,3,22970,0,3333,1067
05/04/2018,7,27,33,31,28,2,1,14433,2646,1457,542
05/04/2018,8,27,4,4,4,0,0,841,89,203,28
05/04/2018,9,27,16,16,12,0,0,7078,0,429,390
05/04/2018,12,27,1,1,1,0,0,210,0,4,10
05/04/2018,14,27,19,19,18,0,0,6387,0,508,303
05/04/2018,17,27,58,58,56,0,0,21845,0,3196,439
06/04/2018,7,27,26,26,26,0,0,14397,1879,1288,170
06/04/2018,8,27,3,3,3,0,0,2024,33,34,23
06/04/2018,9,27,12,12,12,0,0,5177,0,277,130
06/04/2018,14,27,5,5,5,0,0,1603,16,228,49
06/04/2018,17,27,68,63,53,5,2,22209,0,3395,2770
07/04/2018,2,27,11,9,8,2,1,1347,0,436,122
07/04/2018,7,27,15,14,13,1,0,5101,399,783,144
07/04/2018,17,27,8,8,8,0,0,4625,0,282,41
08/04/2018,2,27,10,10,10,0,0,1409,0,282,111
08/04/2018,7,27,23,21,19,2,0,12907,1229,1216,561
08/04/2018,14,27,24,24,23,0,0,5359,53,783,272
08/04/2018,17,27,11,11,11,0,0,4367,0,549,73
09/04/2018,2,27,3,2,2,1,1,329,0,36,24
09/04/2018,7,27,32,31,30,1,1,12111,1814,1291,229
09/04/2018,8,27,1,1,1,0,0,354,0,5,12
09/04/2018,9,27,11,11,11,0,0,6615,0,220,69
09/04/2018,12,27,1,1,1,0,0,615,0,60,8
09/04/2018,14,27,34,31,29,3,0,7443,0,1119,405
09/04/2018,17,27,81,80,74,1,0,26156,0,4495,870
10/04/2018,2,27,3,3,3,0,0,716,0,180,23
10/04/2018,7,27,27,27,26,0,0,9336,870,1079,195
10/04/2018,8,27,6,6,6,0,0,2352,0,200,56
10/04/2018,9,27,10,10,10,0,0,5998,0,226,70
10/04/2018,14,27,18,18,18,0,0,5847,0,485,165
10/04/2018,17,27,71,66,60,5,2,21887,0,3582,1361
11/04/2018,2,27,5,4,4,1,1,327,0,41,33
11/04/2018,7,27,35,35,32,0,0,16353,1381,1538,625
11/04/2018,8,27,4,4,4,0,0,1826,0,57,38
11/04/2018,9,27,5,5,5,0,0,1882,0,158,46
11/04/2018,12,27,3,3,3,0,0,1322,0,69,50
11/04/2018,14,27,23,22,21,1,1,7426,0,570,259
11/04/2018,17,27,75,72,67,3,1,20703,30,4132,1373
12/04/2018,2,27,7,7,7,0,0,1914,0,222,55
12/04/2018,7,27,26,25,22,1,1,8656,1716,1182,555
12/04/2018,8,27,1,1,1,0,0,294,0,60,3
12/04/2018,9,27,3,3,2,0,0,1795,0,29,54
12/04/2018,12,27,1,1,1,0,0,337,0,5,9
12/04/2018,14,27,14,12,12,2,1,3526,0,387,115
12/04/2018,17,27,45,44,42,1,0,20886,0,2168,553
13/04/2018,2,27,5,5,5,0,0,1483,0,155,46
13/04/2018,7,27,34,32,29,2,2,18329,2545,1416,1271
13/04/2018,8,27,3,3,3,0,0,702,0,35,37
13/04/2018,9,27,10,9,8,1,0,8065,0,312,98
13/04/2018,12,27,3,3,3,0,0,1254,0,73,24
13/04/2018,14,27,5,5,5,0,0,1188,0,39,40
13/04/2018,17,27,43,43,43,0,0,21455,0,2293,244
14/04/2018,7,27,10,8,7,2,0,1525,57,480,686
14/04/2018,17,27,7,7,7,0,0,3199,0,207,44
15/04/2018,2,27,3,3,3,0,0,1579,0,53,27
15/04/2018,7,27,10,9,9,1,0,2406,333,494,51
15/04/2018,14,27,7,7,7,0,0,2743,138,122,76
15/04/2018,17,27,7,6,6,1,0,3883,0,290,27
16/04/2018,2,27,3,3,3,0,0,507,0,128,25
16/04/2018,7,27,31,29,27,2,1,14288,470,1660,621
16/04/2018,8,27,3,3,3,0,0,1717,0,76,19
16/04/2018,9,27,6,6,6,0,0,2394,0,103,50
16/04/2018,14,27,21,20,19,1,1,5877,0,812,249
16/04/2018,17,27,78,72,66,6,2,29012,0,4033,954
17/04/2018,2,27,8,8,7,0,0,2367,0,232,116
17/04/2018,7,27,21,20,18,1,0,8186,683,791,354
17/04/2018,8,27,3,3,3,0,0,475,0,12,27
17/04/2018,9,27,13,13,10,0,0,7998,0,238,343
17/04/2018,12,27,2,2,2,0,0,2949,0,120,11
17/04/2018,14,27,11,11,11,0,0,3248,0,398,106
17/04/2018,17,27,52,51,51,1,1,18987,0,2793,310
18/04/2018,2,27,5,5,5,0,0,2471,0,192,49
18/04/2018,7,27,18,18,16,0,0,7532,419,819,615
18/04/2018,8,27,3,3,3,0,0,1575,0,26,26
18/04/2018,9,27,7,6,5,1,1,1655,0,48,276
18/04/2018,12,27,2,2,2,0,0,263,0,120,14
18/04/2018,14,27,14,13,13,1,1,4291,0,430,119
18/04/2018,17,27,62,58,54,4,1,29797,0,3258,1283
19/04/2018,2,27,5,5,5,0,0,1573,0,192,45
19/04/2018,7,27,22,20,18,2,0,11457,2375,889,945
19/04/2018,8,27,5,5,5,0,0,1625,0,189,28
19/04/2018,9,27,20,19,17,1,0,11933,138,274,385
19/04/2018,12,27,5,5,5,0,0,3448,1,199,41
19/04/2018,14,27,16,16,16,0,0,3616,19,391,159
19/04/2018,17,27,52,49,43,3,1,14277,0,2773,1293
20/04/2018,2,27,8,8,8,0,0,1617,0,186,79
20/04/2018,7,27,53,47,33,6,3,19249,2210,2283,3000
20/04/2018,8,27,1,1,1,0,0,476,0,60,4
20/04/2018,9,27,11,11,11,0,0,6245,198,77,85
20/04/2018,14,27,7,6,6,1,0,2123,33,162,77
20/04/2018,17,27,104,74,56,30,9,34603,0,3830,2122
21/04/2018,7,27,5,5,5,0,0,2705,895,300,38
21/04/2018,17,27,23,22,19,1,0,7089,0,876,932
22/04/2018,2,27,6,6,5,0,0,3034,0,213,67
22/04/2018,7,27,15,15,14,0,0,9773,1138,638,111
22/04/2018,14,27,41,35,30,6,1,7751,0,1431,697
22/04/2018,17,27,12,12,12,0,0,7860,0,581,71
23/04/2018,2,27,15,14,13,1,0,7494,0,288,275
23/04/2018,7,27,29,28,27,1,0,14431,840,1370,850
23/04/2018,8,27,5,5,5,0,0,2768,0,139,30
23/04/2018,9,27,28,27,21,1,1,12299,0,343,799
23/04/2018,12,27,1,1,1,0,0,460,0,60,6
23/04/2018,14,27,33,30,28,3,0,11974,0,942,533
23/04/2018,17,27,102,93,80,9,2,38402,0,4990,2449
24/04/2018,2,27,15,14,12,1,0,6796,0,438,236
24/04/2018,7,27,44,44,44,0,0,21927,3726,1826,270
24/04/2018,8,27,4,4,4,0,0,2480,0,33,35
24/04/2018,9,27,23,21,19,2,0,10171,0,416,782
24/04/2018,12,27,2,2,2,0,0,1264,0,120,18
24/04/2018,14,27,36,33,31,3,1,8629,0,1019,527
24/04/2018,17,27,133,116,88,17,6,52270,0,6148,5955
25/04/2018,2,27,6,6,6,0,0,1225,0,268,53
25/04/2018,7,27,36,34,32,2,0,14590,1701,1656,324
25/04/2018,8,27,5,5,5,0,0,1305,27,148,39
25/04/2018,9,27,29,28,27,1,0,9842,0,389,252
25/04/2018,14,27,38,38,37,0,0,9375,0,1456,436
25/04/2018,17,27,69,66,60,3,2,27851,0,3772,1500
26/04/2018,2,27,11,11,10,0,0,3302,0,265,129
26/04/2018,7,27,42,39,32,3,1,18340,2539,1747,1957
26/04/2018,8,27,2,2,2,0,0,701,0,12,19
26/04/2018,9,27,20,20,18,0,0,4132,0,422,536
26/04/2018,12,27,4,4,4,0,0,3893,0,139,31
26/04/2018,14,27,32,29,28,3,1,6113,0,826,363
26/04/2018,17,27,129,88,58,41,9,48339,0,4545,6612
27/04/2018,2,27,9,9,9,0,0,3115,0,284,74
27/04/2018,7,27,20,19,19,1,0,6954,870,944,129
27/04/2018,8,27,6,4,4,2,2,823,89,200,20
27/04/2018,9,27,20,20,20,0,0,7843,0,343,118
27/04/2018,12,27,3,3,3,0,0,1027,0,125,21
27/04/2018,14,27,12,12,11,0,0,3986,0,334,160
27/04/2018,17,27,117,102,85,15,5,43039,0,5742,3908
28/04/2018,2,27,14,5,4,9,1,2382,0,249,65
28/04/2018,7,27,14,14,13,0,0,2839,645,771,212
28/04/2018,17,27,20,15,15,5,2,8041,0,701,102
29/04/2018,7,27,6,6,5,0,0,1891,222,232,439
29/04/2018,14,27,17,14,13,3,0,6149,0,402,232
29/04/2018,17,27,23,23,23,0,0,9879,0,1280,131
30/04/2018,2,27,6,4,4,2,0,1396,0,187,40
30/04/2018,7,27,47,44,39,3,2,20370,2368,1723,1463
30/04/2018,8,27,1,1,1,0,0,449,0,8,10
30/04/2018,9,27,10,9,9,1,1,3843,0,178,61
30/04/2018,12,27,1,1,1,0,0,41,0,5,6
30/04/2018,14,27,16,15,15,1,0,3937,28,537,167
30/04/2018,17,27,74,65,56,9,1,37161,0,3447,5285
01/05/2018,2,27,11,11,11,0,0,3064,0,295,145
01/05/2018,7,27,19,18,17,1,0,8428,653,675,245
01/05/2018,8,27,5,3,3,2,0,939,405,180,16
01/05/2018,14,27,24,23,21,1,1,6988,5,753,299
01/05/2018,17,27,21,21,21,0,0,6988,0,1065,115
02/05/2018,2,27,17,16,16,1,0,2754,0,499,143
02/05/2018,7,27,38,37,36,1,1,14895,2021,1594,376
02/05/2018,8,27,2,2,2,0,0,680,0,8,16
02/05/2018,9,27,14,13,12,1,0,7852,0,277,113
02/05/2018,12,27,3,3,2,0,0,1851,0,125,48
02/05/2018,14,27,12,12,12,0,0,2868,0,366,111
02/05/2018,17,27,103,94,87,9,1,50674,0,5115,2207
03/05/2018,2,27,17,14,13,3,1,3517,0,394,176
03/05/2018,7,27,24,22,20,2,0,14687,1606,1105,878
03/05/2018,8,27,3,3,3,0,0,218,66,183,31
03/05/2018,9,27,9,9,7,0,0,2594,0,196,514
03/05/2018,12,27,2,2,2,0,0,294,0,120,11
03/05/2018,14,27,25,25,23,0,0,6516,0,879,389
03/05/2018,17,27,67,60,54,7,3,26724,0,3256,1328
04/05/2018,2,27,10,10,10,0,0,2273,0,289,87
04/05/2018,7,27,31,29,24,2,0,17417,1915,1060,3476
04/05/2018,8,27,5,3,3,2,0,1385,0,23,26
04/05/2018,9,27,9,8,7,1,0,6508,0,192,370
04/05/2018,12,27,2,2,2,0,0,851,0,120,13
04/05/2018,14,27,7,7,7,0,0,2026,0,234,76
04/05/2018,17,27,63,60,54,3,3,39621,0,3112,727
05/05/2018,7,27,2,2,2,0,0,619,0,120,8
05/05/2018,17,27,25,21,21,4,0,9539,0,862,121
06/05/2018,2,27,7,7,6,0,0,2524,0,150,103
06/05/2018,7,27,7,7,7,0,0,3794,0,334,32
06/05/2018,14,27,1,1,1,0,0,413,0,4,14
06/05/2018,17,27,11,11,11,0,0,5256,0,512,64
07/05/2018,2,27,21,18,16,3,0,8327,0,524,293
07/05/2018,7,27,42,39,34,3,0,19859,1588,1843,1136
07/05/2018,8,27,2,2,2,0,0,1324,0,66,10
07/05/2018,9,27,19,17,15,2,0,10496,0,308,357
07/05/2018,14,27,20,18,13,2,0,6945,0,392,622
07/05/2018,17,27,67,66,65,1,1,34205,0,3703,521
08/05/2018,2,27,9,5,5,4,0,1792,0,48,54
08/05/2018,7,27,41,40,40,1,1,18994,1929,1585,228
08/05/2018,8,27,4,4,4,0,0,1710,0,185,19
08/05/2018,9,27,15,14,13,1,0,4531,0,172,439
08/05/2018,12,27,1,1,1,0,0,439,0,60,6
08/05/2018,14,27,28,26,25,2,1,8264,0,584,318
08/05/2018,17,27,66,61,58,5,4,32599,0,3362,645
09/05/2018,2,27,21,17,11,4,1,4294,0,500,1124
09/05/2018,7,27,38,37,37,1,1,23893,3900,1797,244
09/05/2018,8,27,11,10,9,1,0,5366,325,400,1464
09/05/2018,9,27,12,11,11,1,1,7298,0,221,59
09/05/2018,12,27,2,2,2,0,0,1874,0,120,19
09/05/2018,14,27,34,28,26,6,1,7009,0,858,594
09/05/2018,17,27,63,58,56,5,4,20613,0,3113,963
10/05/2018,2,27,10,10,8,0,0,4586,0,259,573
10/05/2018,7,27,42,40,38,2,0,23805,3593,2090,420
10/05/2018,8,27,3,3,3,0,0,789,54,78,23
10/05/2018,9,27,1,1,1,0,0,232,36,5,13
10/05/2018,12,27,6,6,6,0,0,1645,0,252,46
10/05/2018,14,27,22,21,20,1,0,6359,0,514,389
10/05/2018,17,27,66,59,51,7,2,28416,0,3209,1827
11/05/2018,2,27,6,5,5,1,0,1234,0,194,56
11/05/2018,7,27,27,27,25,0,0,15240,2352,1233,445
11/05/2018,8,27,1,1,1,0,0,740,0,5,9
11/05/2018,9,27,7,7,7,0,0,3029,0,46,53
11/05/2018,12,27,2,2,2,0,0,315,0,120,14
11/05/2018,14,27,11,11,11,0,0,2844,0,246,114
11/05/2018,17,27,80,73,63,7,4,32432,0,3643,2787
12/05/2018,7,27,4,4,4,0,0,500,67,147,25
12/05/2018,17,27,26,11,10,15,0,4814,0,583,437
13/05/2018,2,27,6,6,6,0,0,2340,0,307,47
13/05/2018,7,27,2,2,2,0,0,569,54,87,8
13/05/2018,14,27,14,14,14,0,0,3974,0,386,131
13/05/2018,17,27,21,15,13,6,1,6154,0,639,699
14/05/2018,2,27,16,14,13,2,0,4880,0,377,274
14/05/2018,7,27,53,51,43,2,1,24534,1887,2110,2495
14/05/2018,8,27,8,8,8,0,0,4417,30,101,56
14/05/2018,9,27,19,18,18,1,1,6968,0,254,124
14/05/2018,12,27,4,4,3,0,0,1096,0,187,57
14/05/2018,14,27,16,15,14,1,1,2834,0,426,176
14/05/2018,17,27,82,79,77,3,2,37801,0,4220,693
15/05/2018,2,27,9,9,8,0,0,3703,0,129,149
15/05/2018,7,27,44,43,41,1,0,26622,4039,2243,707
15/05/2018,8,27,4,4,3,0,0,1180,0,127,303
15/05/2018,9,27,14,14,13,0,0,5284,0,176,119
15/05/2018,12,27,3,3,1,0,0,1802,0,73,177
15/05/2018,14,27,33,28,28,5,0,6637,0,886,266
15/05/2018,17,27,81,76,73,5,1,32459,0,4032,722
16/05/2018,2,27,4,4,4,0,0,1524,0,94,35
16/05/2018,7,27,39,39,37,0,0,27975,3532,2103,461
16/05/2018,8,27,3,2,2,1,0,655,0,15,18
16/05/2018,9,27,8,8,7,0,0,2667,0,109,228
16/05/2018,14,27,21,21,21,0,0,3780,0,748,197
16/05/2018,17,27,74,68,57,6,3,35765,0,3033,2582
17/05/2018,2,27,9,9,9,0,0,4179,0,64,98
17/05/2018,7,27,47,44,43,3,2,21000,3498,1961,524
17/05/2018,8,27,2,2,2,0,0,1115,0,14,16
17/05/2018,9,27,11,11,11,0,0,6484,0,212,80
17/05/2018,12,27,1,1,1,0,0,617,0,60,7
17/05/2018,14,27,19,19,19,0,0,3959,0,509,180
17/05/2018,17,27,74,71,69,3,1,33466,0,3984,524
18/05/2018,2,27,2,2,2,0,0,279,0,72,20
18/05/2018,7,27,34,34,33,0,0,17244,2241,1547,323
18/05/2018,8,27,1,1,1,0,0,574,0,4,9
18/05/2018,9,27,9,9,8,0,0,1720,0,200,95
18/05/2018,12,27,2,1,1,1,0,1515,0,64,6
18/05/2018,14,27,8,8,8,0,0,1451,0,279,76
18/05/2018,17,27,55,55,55,0,0,29249,0,3021,297
19/05/2018,7,27,13,13,12,0,0,4241,500,732,616
19/05/2018,17,27,9,9,9,0,0,2117,0,390,40
20/05/2018,2,27,19,13,10,6,0,7452,0,333,624
20/05/2018,7,27,7,7,7,0,0,2773,193,368,37
20/05/2018,14,27,15,12,10,3,1,5395,0,575,385
20/05/2018,17,27,7,7,7,0,0,2628,0,253,54
21/05/2018,2,27,19,16,14,3,0,4839,0,573,340
21/05/2018,7,27,33,32,32,1,1,18137,2280,1506,225
21/05/2018,9,27,1,1,1,0,0,11,0,13,5
21/05/2018,12,27,2,2,1,0,0,289,0,39,70
21/05/2018,14,27,22,14,13,8,0,3037,0,448,171
21/05/2018,17,27,90,88,87,2,2,31622,0,4801,544
22/05/2018,2,27,3,3,3,0,0,1497,0,117,34
22/05/2018,7,27,43,42,39,1,0,27535,2569,2176,1031
22/05/2018,8,27,6,6,6,0,0,2100,0,51,62
22/05/2018,9,27,13,13,13,0,0,5432,0,375,97
22/05/2018,12,27,1,1,1,0,0,51,0,60,9
22/05/2018,14,27,10,10,10,0,0,3465,0,596,100
22/05/2018,17,27,75,68,63,7,2,37455,0,3660,1682
23/05/2018,2,27,4,4,4,0,0,1593,0,112,37
23/05/2018,7,27,25,25,22,0,0,12983,1760,1198,1123
23/05/2018,8,27,6,5,5,1,0,2166,0,99,40
23/05/2018,9,27,12,12,9,0,0,6540,0,357,253
23/05/2018,12,27,1,1,1,0,0,715,0,10,9
23/05/2018,14,27,21,21,21,0,0,5855,0,722,198
23/05/2018,17,27,62,62,59,0,0,18040,0,3277,531
24/05/2018,2,27,3,3,3,0,0,644,0,19,25
24/05/2018,7,27,37,36,34,1,0,18985,2740,1784,817
24/05/2018,8,27,6,6,6,0,0,1925,0,141,39
24/05/2018,9,27,5,5,5,0,0,5296,147,135,25
24/05/2018,12,27,1,1,1,0,0,896,0,60,5
24/05/2018,14,27,30,29,28,1,1,7445,0,919,516
24/05/2018,17,27,74,69,64,5,5,35726,0,3733,790
25/05/2018,7,27,40,39,38,1,0,20668,5339,2132,413
25/05/2018,8,27,7,4,4,3,0,632,0,129,33
25/05/2018,9,27,9,9,9,0,0,8281,0,169,60
25/05/2018,12,27,2,2,2,0,0,1908,0,65,16
25/05/2018,14,27,19,17,16,2,0,6230,0,425,225
25/05/2018,17,27,90,86,84,4,4,27911,0,4547,533
26/05/2018,7,27,15,15,13,0,0,8284,634,900,3357
26/05/2018,17,27,11,10,10,1,0,3271,0,459,46
27/05/2018,2,27,15,15,15,0,0,3655,0,172,129
27/05/2018,7,27,6,5,5,1,1,2730,0,259,25
27/05/2018,14,27,13,13,13,0,0,2893,45,168,122
27/05/2018,17,27,4,4,4,0,0,1390,0,164,18
28/05/2018,2,27,11,11,10,0,0,4460,0,297,223
28/05/2018,7,27,13,13,13,0,0,6877,456,517,78
28/05/2018,8,27,17,16,16,1,0,6980,0,517,100
28/05/2018,9,27,18,18,16,0,0,5955,0,553,446
28/05/2018,12,27,2,2,2,0,0,393,0,120,14
28/05/2018,14,27,20,20,20,0,0,8031,0,541,179
28/05/2018,17,27,55,49,49,6,2,13245,0,2816,285
29/05/2018,2,27,7,7,7,0,0,2163,0,160,59
29/05/2018,7,27,43,42,37,1,0,26589,4059,1785,1190
29/05/2018,8,27,5,5,3,0,0,1148,0,132,429
29/05/2018,9,27,8,8,8,0,0,4188,0,222,50
29/05/2018,12,27,2,2,2,0,0,1181,0,65,16
29/05/2018,14,27,21,21,21,0,0,3825,0,637,204
29/05/2018,17,27,64,59,58,5,5,22408,0,3105,378
30/05/2018,2,27,15,14,14,1,1,2068,0,198,136
30/05/2018,7,27,35,35,34,0,0,20504,2394,1554,677
30/05/2018,8,27,6,6,6,0,0,1215,0,204,36
30/05/2018,9,27,10,10,10,0,0,4458,0,148,64
30/05/2018,14,27,19,19,19,0,0,4376,38,560,173
30/05/2018,17,27,40,40,40,0,0,21098,0,1944,291
31/05/2018,2,27,11,7,7,4,0,1403,0,221,54
31/05/2018,7,27,36,35,35,1,0,21222,2753,1991,247
31/05/2018,8,27,1,1,1,0,0,1390,0,5,8
31/05/2018,9,27,3,3,3,0,0,1504,0,43,23
31/05/2018,12,27,3,2,2,1,1,1534,0,120,14
31/05/2018,14,27,22,21,21,1,0,5773,0,702,242
31/05/2018,17,27,7,7,7,0,0,2965,0,368,39
01/06/2018,2,27,1,0,0,1,0,0,0,0,0
01/06/2018,7,27,27,26,26,1,1,13022,2003,1358,150
01/06/2018,8,27,5,4,4,1,0,2450,0,76,27
01/06/2018,9,27,5,5,5,0,0,2857,0,88,38
01/06/2018,12,27,4,4,4,0,0,2315,0,185,33
01/06/2018,14,27,12,11,10,1,0,3562,0,231,171
01/06/2018,17,27,58,58,55,0,0,20959,0,2790,617
02/06/2018,7,27,5,4,4,1,0,1006,151,191,19
02/06/2018,17,27,10,10,10,0,0,3439,0,516,61
03/06/2018,2,27,4,4,4,0,0,1530,0,162,41
03/06/2018,7,27,13,13,11,0,0,2853,778,652,3222
03/06/2018,14,27,10,10,10,0,0,4467,0,221,101
03/06/2018,17,27,11,11,11,0,0,4892,0,494,99
04/06/2018,2,27,12,11,11,1,1,4756,0,265,100
04/06/2018,7,27,42,42,41,0,0,22349,2211,2000,433
04/06/2018,8,27,9,8,8,1,1,4813,155,97,56
04/06/2018,9,27,6,6,6,0,0,3052,0,201,44
04/06/2018,12,27,1,1,1,0,0,288,0,4,10
04/06/2018,14,27,19,19,19,0,0,3906,0,622,173
04/06/2018,17,27,90,89,88,1,0,34176,0,4977,526
05/06/2018,2,27,6,6,6,0,0,3438,0,125,59
05/06/2018,7,27,40,40,40,0,0,24000,3449,2061,321
05/06/2018,8,27,4,4,4,0,0,1125,0,83,24
05/06/2018,9,27,11,11,11,0,0,4429,0,157,69
05/06/2018,12,27,2,2,2,0,0,1578,0,64,13
05/06/2018,14,27,10,10,10,0,0,2619,0,228,99
05/06/2018,17,27,74,72,70,2,2,27977,0,4017,540
06/06/2018,2,27,10,10,10,0,0,2731,0,196,95
06/06/2018,7,27,32,30,28,2,1,15698,1930,1456,548
06/06/2018,8,27,5,4,4,1,0,1401,0,24,28
06/06/2018,9,27,9,9,8,0,0,3073,0,119,103
06/06/2018,14,27,14,13,12,1,1,3583,0,237,289
06/06/2018,17,27,86,82,81,4,3,32026,0,4515,524
07/06/2018,2,27,5,5,5,0,0,1866,0,193,44
07/06/2018,7,27,30,28,27,2,2,19836,1586,1530,245
07/06/2018,8,27,2,2,2,0,0,406,0,69,11
07/06/2018,9,27,10,9,9,1,1,4060,0,120,70
07/06/2018,12,27,1,1,1,0,0,1887,0,60,8
07/06/2018,14,27,22,20,19,2,1,6406,0,343,257
07/06/2018,17,27,73,72,70,1,1,26803,0,3973,535
08/06/2018,2,27,3,3,3,0,0,1883,0,51,28
08/06/2018,7,27,29,29,28,0,0,18345,1348,1414,217
08/06/2018,8,27,2,2,2,0,0,404,0,89,25
08/06/2018,9,27,7,7,7,0,0,2953,0,191,43
08/06/2018,14,27,8,8,8,0,0,2402,0,109,71
08/06/2018,17,27,77,65,63,12,6,33829,0,3293,1180
09/06/2018,7,27,8,7,7,1,0,4218,462,420,61
09/06/2018,17,27,23,14,13,9,4,6518,0,503,1174
10/06/2018,2,27,5,5,5,0,0,1938,0,142,44
10/06/2018,7,27,6,6,6,0,0,2896,671,360,49
10/06/2018,14,27,6,6,6,0,0,2159,0,199,49
10/06/2018,17,27,10,10,10,0,0,2741,0,456,53
11/06/2018,2,27,8,8,8,0,0,1813,0,210,76
11/06/2018,7,27,57,56,51,1,0,33562,7478,2613,1591
11/06/2018,8,27,5,5,5,0,0,949,0,270,33
11/06/2018,9,27,8,8,8,0,0,4283,0,195,55
11/06/2018,12,27,3,3,3,0,0,2583,0,125,22
11/06/2018,14,27,25,25,25,0,0,8842,0,879,236
11/06/2018,17,27,129,116,110,13,6,42467,0,6099,1594
12/06/2018,2,27,16,16,16,0,0,4732,0,235,144
12/06/2018,7,27,72,70,68,2,0,40802,5559,3485,897
12/06/2018,8,27,11,9,8,2,1,3355,0,337,157
12/06/2018,9,27,12,11,11,1,0,5151,0,120,65
12/06/2018,14,27,26,23,23,3,2,6383,0,696,260
12/06/2018,17,27,123,116,107,7,4,40195,0,6484,1764
13/06/2018,2,27,10,10,10,0,0,2334,0,350,114
13/06/2018,7,27,35,34,34,1,0,17251,3411,1709,229
13/06/2018,8,27,5,5,5,0,0,2704,0,172,29
13/06/2018,9,27,16,16,14,0,0,9052,0,275,341
13/06/2018,14,27,26,24,20,2,0,4808,0,761,886
13/06/2018,17,27,84,80,77,4,2,35423,0,4466,1190
14/06/2018,2,27,15,15,14,0,0,4558,0,387,274
14/06/2018,7,27,31,31,30,0,0,20547,1784,1677,503
14/06/2018,8,27,8,7,6,1,0,4070,0,206,118
14/06/2018,9,27,7,7,7,0,0,2136,0,187,44
14/06/2018,12,27,3,1,1,2,0,339,0,4,16
14/06/2018,14,27,42,41,36,1,0,12572,0,1024,607
14/06/2018,17,27,84,80,72,4,2,31614,168,4331,1401
15/06/2018,2,27,13,13,12,0,0,4126,0,385,166
15/06/2018,7,27,27,26,23,1,1,19088,2933,1346,716
15/06/2018,8,27,13,9,8,4,1,1669,0,331,943
15/06/2018,9,27,12,12,12,0,0,6964,0,152,91
15/06/2018,14,27,9,8,8,1,0,2571,0,232,76
15/06/2018,17,27,84,67,58,17,6,34019,0,3281,2682
16/06/2018,7,27,13,11,11,2,1,4958,611,452,58
16/06/2018,17,27,10,10,10,0,0,4176,0,534,67
17/06/2018,7,27,7,7,7,0,0,2017,0,420,58
17/06/2018,14,27,24,23,23,1,0,7773,0,433,217
17/06/2018,17,27,11,11,11,0,0,7010,0,330,75
18/06/2018,2,27,9,8,8,1,0,4119,0,321,71
18/06/2018,7,27,43,41,39,2,0,19110,3723,2034,504
18/06/2018,8,27,6,5,5,1,1,913,52,270,52
18/06/2018,9,27,14,14,13,0,0,7095,0,398,142
18/06/2018,12,27,2,2,2,0,0,667,0,120,12
18/06/2018,14,27,16,16,15,0,0,2969,0,518,218
18/06/2018,17,27,103,87,74,16,4,35596,0,5060,2045
19/06/2018,2,27,9,9,9,0,0,2447,0,190,89
19/06/2018,7,27,35,35,35,0,0,17589,2461,1671,256
19/06/2018,8,27,7,5,4,2,0,3913,0,204,111
19/06/2018,9,27,15,13,9,2,1,11224,171,181,341
19/06/2018,12,27,2,2,2,0,0,5469,0,93,18
19/06/2018,14,27,29,28,27,1,0,6695,0,584,325
19/06/2018,17,27,89,76,65,13,7,29042,0,4049,2130
20/06/2018,2,27,10,10,10,0,0,6043,0,296,104
20/06/2018,7,27,25,25,25,0,0,12162,2507,1281,185
20/06/2018,8,27,2,2,2,0,0,506,0,9,18
20/06/2018,9,27,7,7,5,0,0,3330,0,120,324
20/06/2018,14,27,31,31,31,0,0,9339,0,649,319
20/06/2018,17,27,61,55,52,6,2,25774,0,2910,774
21/06/2018,2,27,9,9,9,0,0,4252,0,222,73
21/06/2018,7,27,37,36,33,1,0,20773,3613,1940,1582
21/06/2018,8,27,6,6,6,0,0,1641,0,197,36
21/06/2018,9,27,9,8,8,1,0,4659,141,140,50
21/06/2018,12,27,1,1,1,0,0,329,0,60,6
21/06/2018,14,27,35,33,31,2,1,11693,0,740,498
21/06/2018,17,27,53,50,49,3,0,20710,0,2591,456
22/06/2018,2,27,1,1,1,0,0,200,0,14,10
22/06/2018,7,27,33,31,31,2,2,16473,2049,1598,189
22/06/2018,8,27,1,1,1,0,0,208,0,5,7
22/06/2018,9,27,2,1,1,1,0,179,0,33,13
22/06/2018,14,27,12,12,12,0,0,3808,0,308,119
22/06/2018,17,27,67,59,53,8,4,25272,0,2994,2053
23/06/2018,7,27,5,4,4,1,1,1240,257,139,33
23/06/2018,17,27,16,14,14,2,0,3837,0,638,91
24/06/2018,2,27,5,5,3,0,0,1513,0,161,202
24/06/2018,7,27,9,9,9,0,0,2792,792,375,68
24/06/2018,14,27,29,25,24,4,2,6382,0,648,364
24/06/2018,17,27,9,8,8,1,1,1848,0,284,44
25/06/2018,2,27,11,11,11,0,0,2411,41,288,137
25/06/2018,7,27,30,29,29,1,0,13842,1400,1405,209
25/06/2018,8,27,7,7,7,0,0,2363,0,197,48
25/06/2018,9,27,9,9,8,0,0,5750,0,259,108
25/06/2018,12,27,2,2,2,0,0,1407,0,75,14
25/06/2018,14,27,39,35,32,4,1,11191,0,1032,938
25/06/2018,17,27,59,48,47,11,8,16373,152,2543,541
26/06/2018,2,27,15,15,15,0,0,5252,0,252,144
26/06/2018,7,27,66,64,57,2,1,28873,4072,3507,1575
26/06/2018,8,27,10,9,9,1,0,2269,0,261,67
26/06/2018,9,27,11,11,8,0,0,7846,0,222,373
26/06/2018,12,27,2,2,2,0,0,1018,0,37,13
26/06/2018,14,27,29,26,26,3,2,4822,0,821,245
26/06/2018,17,27,37,37,36,0,0,16387,181,1971,281
27/06/2018,2,27,10,10,9,0,0,3169,0,309,145
27/06/2018,7,27,33,32,32,1,0,23126,5017,1341,247
27/06/2018,8,27,4,4,4,0,0,2935,0,137,25
27/06/2018,9,27,24,21,20,3,0,12690,0,519,639
27/06/2018,12,27,1,1,1,0,0,149,0,60,7
27/06/2018,14,27,40,34,31,6,3,10668,0,1009,543
27/06/2018,17,27,15,15,15,0,0,8295,174,613,85
28/06/2018,2,27,8,8,8,0,0,3567,0,84,79
28/06/2018,7,27,32,32,32,0,0,22575,2844,1768,206
28/06/2018,8,27,3,3,3,0,0,1387,47,162,14
28/06/2018,9,27,15,15,14,0,0,9994,0,246,240
28/06/2018,14,27,33,32,32,1,0,12915,0,808,317
28/06/2018,17,27,27,26,26,1,1,9503,0,1509,136
29/06/2018,2,27,9,7,6,2,1,2212,0,177,183
29/06/2018,7,27,24,24,24,0,0,15932,1181,1440,174
29/06/2018,8,27,2,1,1,1,1,833,0,4,8
29/06/2018,9,27,5,5,5,0,0,1447,0,102,31
29/06/2018,14,27,14,11,9,3,2,2876,0,216,308
29/06/2018,17,27,31,27,26,4,0,12424,64,973,330
30/06/2018,2,27,1,0,0,1,0,0,0,0,0
30/06/2018,7,27,11,10,10,1,1,5916,1431,400,90
30/06/2018,17,27,9,9,9,0,0,2232,0,499,54
01/07/2018,2,27,7,7,7,0,0,1171,0,140,71
01/07/2018,7,27,9,9,8,0,0,3853,926,459,173
01/07/2018,14,27,14,13,13,1,0,5316,0,387,153
01/07/2018,17,27,10,7,7,3,2,1370,0,321,35
02/07/2018,2,27,11,10,10,1,1,6476,0,199,96
02/07/2018,7,27,33,30,25,3,2,14149,1523,1360,2152
02/07/2018,8,27,4,2,2,2,0,245,0,120,8
02/07/2018,9,27,8,8,8,0,0,4516,0,129,50
02/07/2018,14,27,36,33,33,3,2,10210,0,956,304
02/07/2018,17,27,67,59,55,8,4,29731,3,3267,1573
03/07/2018,2,27,12,12,12,0,0,3942,0,274,111
03/07/2018,7,27,26,26,25,0,0,15259,1983,1139,218
03/07/2018,8,27,3,3,3,0,0,1215,41,180,11
03/07/2018,9,27,12,12,12,0,0,3743,1,334,96
03/07/2018,12,27,1,1,1,0,0,117,0,60,8
03/07/2018,14,27,17,17,17,0,0,4539,12,380,176
03/07/2018,17,27,68,58,54,10,4,28593,145,2929,971
04/07/2018,7,27,12,11,11,1,0,6617,386,660,72
04/07/2018,8,27,1,1,1,0,0,204,0,60,3
04/07/2018,9,27,14,12,12,2,0,9424,0,384,95
04/07/2018,12,27,1,1,0,0,0,191,0,35,107
04/07/2018,14,27,27,27,27,0,0,7416,0,782,284
04/07/2018,17,27,46,43,43,3,3,15732,0,2373,276
05/07/2018,2,27,13,12,10,1,0,5106,0,262,184
05/07/2018,7,27,25,23,22,2,0,10745,1249,1229,729
05/07/2018,8,27,5,5,3,0,0,1809,0,300,432
05/07/2018,9,27,10,10,9,0,0,5601,0,303,425
05/07/2018,14,27,37,36,36,1,1,14866,0,827,327
05/07/2018,17,27,68,60,55,8,3,28140,0,3384,1058
06/07/2018,2,27,5,3,3,2,0,1161,0,91,24
06/07/2018,7,27,20,20,20,0,0,8733,2036,1136,129
06/07/2018,8,27,2,2,2,0,0,741,0,120,8
06/07/2018,9,27,3,3,3,0,0,2878,0,102,21
06/07/2018,14,27,20,17,17,3,1,6034,0,443,163
06/07/2018,17,27,43,34,33,9,3,13940,0,1967,354
07/07/2018,7,27,7,7,6,0,0,1839,532,311,75
07/07/2018,17,27,11,11,11,0,0,3381,0,453,76
08/07/2018,2,27,9,7,6,2,0,4475,0,169,207
08/07/2018,7,27,3,3,3,0,0,114,108,80,18
08/07/2018,14,27,25,24,23,1,0,6153,0,429,291
08/07/2018,17,27,7,7,7,0,0,1797,0,226,39
09/07/2018,2,27,6,6,6,0,0,2362,0,130,52
09/07/2018,7,27,38,37,35,1,1,19167,3921,1903,961
09/07/2018,8,27,1,1,1,0,0,864,0,60,4
09/07/2018,9,27,14,14,11,0,0,11811,0,271,980
09/07/2018,12,27,1,1,1,0,0,788,0,60,6
09/07/2018,14,27,26,26,25,0,0,9326,0,453,278
09/07/2018,17,27,12,12,11,0,0,4212,0,516,112
10/07/2018,2,27,5,5,5,0,0,1419,0,70,60
10/07/2018,7,27,42,42,42,0,0,17496,2340,1922,291
10/07/2018,9,27,10,10,8,0,0,7220,0,221,123
10/07/2018,14,27,23,23,23,0,0,7315,0,693,229
10/07/2018,17,27,97,82,72,15,5,33930,134,4180,1721
11/07/2018,2,27,11,11,10,0,0,3360,0,349,328
11/07/2018,7,27,27,27,26,0,0,11015,1586,1393,411
11/07/2018,8,27,3,3,3,0,0,3241,375,225,19
11/07/2018,9,27,5,5,5,0,0,1064,0,42,28
11/07/2018,12,27,1,1,0,0,0,116,0,17,381
11/07/2018,14,27,20,19,19,1,1,4961,0,565,215
11/07/2018,17,27,86,68,56,18,10,29784,1234,3577,2998
12/07/2018,2,27,10,10,10,0,0,6638,0,364,94
12/07/2018,7,27,30,29,28,1,0,13885,2380,1663,415
12/07/2018,8,27,1,1,1,0,0,191,0,60,6
12/07/2018,9,27,6,6,6,0,0,1940,0,121,35
12/07/2018,14,27,18,17,17,1,0,4748,0,445,154
12/07/2018,17,27,87,72,66,15,4,37038,2620,3715,1418
13/07/2018,2,27,3,3,3,0,0,1758,0,157,29
13/07/2018,7,27,27,24,23,3,1,11614,1230,1240,273
13/07/2018,8,27,5,5,5,0,0,1278,55,305,26
13/07/2018,9,27,5,5,5,0,0,1825,0,83,30
13/07/2018,12,27,2,2,2,0,0,1183,0,13,12
13/07/2018,14,27,5,5,5,0,0,1422,51,146,52
13/07/2018,17,27,64,60,49,4,3,24272,1773,3191,1804
14/07/2018,7,27,9,9,9,0,0,3353,471,378,82
14/07/2018,17,27,18,18,17,0,0,8048,0,801,251
15/07/2018,2,27,5,5,4,0,0,1850,0,113,156
15/07/2018,7,27,5,5,5,0,0,914,66,198,41
15/07/2018,14,27,13,13,13,0,0,4385,0,288,135
15/07/2018,17,27,11,11,11,0,0,2588,0,560,70
16/07/2018,2,27,13,12,12,1,0,4420,63,218,107
16/07/2018,7,27,31,30,27,1,0,16568,2798,1427,813
16/07/2018,8,27,8,7,6,1,0,3487,191,420,143
16/07/2018,9,27,15,12,9,3,0,6360,0,183,451
16/07/2018,12,27,3,2,0,1,0,389,0,10,116
16/07/2018,14,27,24,23,23,1,0,9254,151,615,214
16/07/2018,17,27,100,83,65,17,6,36311,2241,4622,3421
17/07/2018,2,27,5,5,5,0,0,3145,0,44,47
17/07/2018,7,27,24,22,21,2,1,12718,1448,1045,198
17/07/2018,8,27,2,2,2,0,0,1000,162,120,8
17/07/2018,9,27,15,15,13,0,0,5717,0,337,358
17/07/2018,14,27,17,16,15,1,0,4852,235,387,466
17/07/2018,17,27,92,73,66,19,3,41855,1819,4013,1414
18/07/2018,2,27,11,11,11,0,0,2654,0,183,102
18/07/2018,7,27,21,21,21,0,0,11266,1710,1041,169
18/07/2018,8,27,3,3,3,0,0,1110,0,180,13
18/07/2018,9,27,2,2,2,0,0,504,0,73,9
18/07/2018,14,27,22,22,20,0,0,9363,44,488,291
18/07/2018,17,27,77,76,76,1,1,29735,206,4231,522
19/07/2018,2,27,6,4,4,2,0,791,0,35,39
19/07/2018,7,27,32,30,29,2,2,13145,1778,1371,681
19/07/2018,8,27,2,2,2,0,0,1168,156,129,9
19/07/2018,9,27,17,17,16,0,0,5777,0,452,189
19/07/2018,14,27,17,16,16,1,0,5830,0,511,153
19/07/2018,17,27,61,59,57,2,1,26584,500,3386,1083
20/07/2018,2,27,3,3,3,0,0,973,0,23,28
20/07/2018,7,27,27,26,26,1,0,9075,917,1457,173
20/07/2018,8,27,2,2,2,0,0,394,0,120,7
20/07/2018,9,27,4,4,4,0,0,1514,0,49,28
20/07/2018,12,27,2,2,2,0,0,705,0,65,12
20/07/2018,14,27,6,6,6,0,0,2065,0,47,58
20/07/2018,17,27,60,57,57,3,3,22289,322,3324,390
21/07/2018,7,27,9,9,9,0,0,7093,1993,267,83
21/07/2018,17,27,9,9,9,0,0,3298,0,431,52
22/07/2018,2,27,3,3,3,0,0,865,0,82,27
22/07/2018,7,27,17,16,15,1,0,8035,981,734,152
22/07/2018,14,27,24,23,23,1,0,6623,0,599,225
22/07/2018,17,27,7,7,7,0,0,2820,0,372,34
23/07/2018,2,27,8,7,7,1,0,3137,0,125,67
23/07/2018,7,27,42,41,39,1,1,19542,3230,2134,483
23/07/2018,8,27,7,5,3,2,0,3356,525,300,381
23/07/2018,9,27,19,19,19,0,0,7805,0,340,126
23/07/2018,12,27,1,1,1,0,0,147,0,18,6
23/07/2018,14,27,22,21,21,1,1,5247,36,485,214
23/07/2018,17,27,84,80,79,4,2,32478,1168,4107,611
24/07/2018,2,27,2,2,2,0,0,416,0,54,14
24/07/2018,7,27,28,28,28,0,0,11460,1499,1474,219
24/07/2018,8,27,3,3,3,0,0,1210,102,180,17
24/07/2018,9,27,16,16,15,0,0,6656,0,423,154
24/07/2018,14,27,27,27,26,0,0,10137,17,892,300
24/07/2018,17,27,74,73,73,1,1,36030,143,3991,482
25/07/2018,2,27,7,6,5,1,0,3505,0,191,232
25/07/2018,7,27,32,31,31,1,1,18153,2680,1777,229
25/07/2018,8,27,2,2,2,0,0,950,0,120,10
25/07/2018,9,27,8,8,8,0,0,3601,0,185,52
25/07/2018,14,27,23,19,17,4,1,6542,0,394,441
25/07/2018,17,27,80,78,77,2,2,29344,475,4259,883
26/07/2018,2,27,8,6,6,2,0,3053,0,149,58
26/07/2018,7,27,22,22,22,0,0,10373,2111,1267,133
26/07/2018,9,27,6,6,5,0,0,1716,0,90,84
26/07/2018,14,27,25,18,18,7,1,5356,19,652,202
26/07/2018,17,27,38,38,37,0,0,20189,387,2280,323
27/07/2018,2,27,1,1,1,0,0,121,0,11,9
27/07/2018,7,27,28,28,27,0,0,12334,1933,1530,412
27/07/2018,8,27,2,2,2,0,0,1748,39,120,11
27/07/2018,9,27,3,3,3,0,0,1321,0,111,22
27/07/2018,14,27,21,19,16,2,1,5923,0,462,603
27/07/2018,17,27,75,73,70,2,1,35917,0,3981,859
28/07/2018,7,27,13,13,13,0,0,5518,1015,767,106
28/07/2018,17,27,28,26,26,2,0,11429,0,1527,177
29/07/2018,2,27,3,3,3,0,0,1133,0,78,26
29/07/2018,7,27,11,6,5,5,3,4994,286,302,229
29/07/2018,14,27,28,23,18,5,2,7152,0,442,495
29/07/2018,17,27,13,13,13,0,0,6848,0,626,94
30/07/2018,2,27,15,15,14,0,0,3454,0,323,269
30/07/2018,7,27,36,36,33,0,0,15742,2310,1839,883
30/07/2018,8,27,9,9,9,0,0,3215,482,600,47
30/07/2018,9,27,11,11,11,0,0,2467,0,224,77
30/07/2018,12,27,1,1,1,0,0,91,0,60,8
30/07/2018,14,27,32,28,28,4,1,8024,0,1077,281
30/07/2018,17,27,50,48,47,2,0,20441,0,2767,478
31/07/2018,2,27,7,7,7,0,0,2512,0,160,69
31/07/2018,7,27,40,38,37,2,0,21693,2783,1881,661
31/07/2018,8,27,7,7,7,0,0,2866,559,371,41
31/07/2018,9,27,9,9,9,0,0,2698,0,203,65
31/07/2018,14,27,35,33,31,2,0,11304,0,981,545
31/07/2018,17,27,76,71,69,5,2,34290,790,3779,564
01/08/2018,2,27,14,14,13,0,0,2949,0,298,229
01/08/2018,7,27,47,44,41,3,1,21599,2973,2193,799
01/08/2018,8,27,1,1,1,0,0,728,0,60,13
01/08/2018,9,27,8,8,7,0,0,2858,0,221,99
01/08/2018,12,27,3,3,3,0,0,1490,0,126,20
01/08/2018,14,27,31,27,26,4,1,11347,0,812,310
01/08/2018,17,27,89,86,83,3,1,35145,398,4151,741
02/08/2018,2,27,22,20,16,2,0,3368,0,632,394
02/08/2018,7,27,37,36,33,1,0,20275,2198,1894,2453
02/08/2018,8,27,2,2,2,0,0,414,0,120,11
02/08/2018,9,27,13,13,12,0,0,4007,0,120,223
02/08/2018,12,27,2,1,1,1,0,266,0,60,7
02/08/2018,14,27,20,20,19,0,0,7849,0,620,272
02/08/2018,17,27,96,92,88,4,1,49464,0,4966,927
03/08/2018,2,27,3,3,3,0,0,883,0,79,30
03/08/2018,7,27,37,36,35,1,1,14851,2076,1970,249
03/08/2018,8,27,3,3,3,0,0,873,215,120,18
03/08/2018,9,27,12,12,12,0,0,5285,0,292,100
03/08/2018,12,27,1,1,1,0,0,311,0,60,12
03/08/2018,14,27,4,4,4,0,0,675,0,163,39
03/08/2018,17,27,55,54,52,1,0,20435,263,2795,496
04/08/2018,7,27,6,6,6,0,0,1492,63,191,44
04/08/2018,17,27,20,17,17,3,0,9438,0,762,97
05/08/2018,2,27,9,8,7,1,0,2198,0,228,95
05/08/2018,7,27,7,7,6,0,0,4221,758,363,94
05/08/2018,14,27,7,6,5,1,1,3293,0,107,103
05/08/2018,17,27,7,7,7,0,0,6366,0,368,42
06/08/2018,2,27,19,19,19,0,0,6784,0,479,196
06/08/2018,7,27,51,51,50,0,0,26730,1928,2953,434
06/08/2018,8,27,3,3,3,0,0,3409,283,180,14
06/08/2018,9,27,12,11,11,1,0,4000,0,232,78
06/08/2018,14,27,34,32,29,2,0,12610,0,941,665
06/08/2018,17,27,62,61,61,1,1,30952,706,3348,415
07/08/2018,2,27,18,12,11,6,4,4447,0,246,147
07/08/2018,7,27,30,30,30,0,0,15685,1102,1581,223
07/08/2018,8,27,3,3,3,0,0,2970,696,152,25
07/08/2018,9,27,6,6,6,0,0,2786,0,119,45
07/08/2018,12,27,2,2,2,0,0,763,0,51,12
07/08/2018,14,27,35,33,31,2,0,12473,0,1144,499
07/08/2018,17,27,47,46,45,1,0,20433,275,2555,798
08/08/2018,2,27,3,3,3,0,0,590,0,73,30
08/08/2018,7,27,33,32,30,1,0,16904,1602,1693,331
08/08/2018,8,27,7,7,7,0,0,3493,407,398,33
08/08/2018,9,27,7,7,5,0,0,4845,0,89,464
08/08/2018,12,27,1,1,1,0,0,183,0,60,10
08/08/2018,14,27,33,31,29,2,2,17826,0,438,573
08/08/2018,17,27,61,58,56,3,1,28703,144,2914,619
09/08/2018,2,27,8,7,7,1,0,1634,0,160,59
09/08/2018,7,27,36,34,34,2,0,18977,3178,2069,244
09/08/2018,9,27,16,16,15,0,0,6828,0,312,338
09/08/2018,14,27,22,20,18,2,1,7611,0,300,585
09/08/2018,17,27,113,108,103,5,2,52345,1456,5866,1019
10/08/2018,2,27,4,2,2,2,0,393,0,78,17
10/08/2018,7,27,22,21,21,1,0,9884,1133,1260,165
10/08/2018,9,27,5,5,5,0,0,1640,0,34,35
10/08/2018,12,27,1,1,1,0,0,1139,0,60,7
10/08/2018,14,27,27,24,21,3,2,9791,0,656,553
10/08/2018,17,27,56,54,53,2,2,33243,87,2915,410
11/08/2018,2,27,1,0,0,1,0,0,0,0,0
11/08/2018,7,27,10,9,8,1,0,4369,1107,488,107
11/08/2018,17,27,23,22,22,1,0,12057,0,915,128
12/08/2018,2,27,3,3,3,0,0,1168,0,41,28
12/08/2018,7,27,7,7,7,0,0,2992,481,394,63
12/08/2018,14,27,19,18,18,1,0,4011,0,302,176
12/08/2018,17,27,20,16,14,4,1,10840,0,829,1046
13/08/2018,2,27,14,13,13,1,1,3054,0,155,126
13/08/2018,7,27,33,33,33,0,0,19890,3066,1818,213
13/08/2018,8,27,2,2,2,0,0,614,90,120,12
13/08/2018,9,27,9,8,7,1,0,1535,0,221,99
13/08/2018,14,27,32,30,28,2,2,8229,0,372,477
13/08/2018,17,27,52,51,51,1,1,32547,1045,2651,324
14/08/2018,2,27,7,7,7,0,0,3275,0,69,62
14/08/2018,7,27,43,43,42,0,0,23584,3653,2065,374
14/08/2018,8,27,2,2,2,0,0,894,224,120,13
14/08/2018,9,27,8,8,8,0,0,2843,0,200,61
14/08/2018,14,27,10,10,10,0,0,5595,0,242,96
14/08/2018,17,27,60,57,54,3,0,28093,331,2871,776
15/08/2018,2,27,5,5,4,0,0,2317,0,59,76
15/08/2018,7,27,37,36,36,1,1,18019,2402,1944,291
15/08/2018,9,27,7,7,5,0,0,2241,0,191,226
15/08/2018,14,27,14,14,14,0,0,3758,0,238,140
15/08/2018,17,27,50,49,49,1,1,24260,468,2603,315
16/08/2018,2,27,4,4,4,0,0,1073,0,40,45
16/08/2018,7,27,31,30,29,1,1,14447,2273,1709,276
16/08/2018,8,27,1,1,1,0,0,467,52,60,5
16/08/2018,9,27,9,9,9,0,0,2560,0,212,64
16/08/2018,14,27,30,30,30,0,0,9847,0,795,312
16/08/2018,17,27,43,43,43,0,0,24116,49,2394,258
17/08/2018,2,27,6,6,6,0,0,3732,0,40,50
17/08/2018,7,27,30,28,27,2,0,12136,2058,1443,434
17/08/2018,8,27,2,2,2,0,0,780,39,120,10
17/08/2018,9,27,7,6,5,1,0,3176,0,172,112
17/08/2018,14,27,18,18,17,0,0,4069,0,504,302
17/08/2018,17,27,52,52,52,0,0,23308,0,2832,352
18/08/2018,7,27,8,8,8,0,0,3441,829,430,63
18/08/2018,17,27,5,5,5,0,0,2064,0,296,30
19/08/2018,7,27,10,9,9,1,1,5115,1204,540,79
19/08/2018,14,27,21,15,12,6,1,4558,65,504,552
19/08/2018,17,27,10,10,9,0,0,5793,1020,449,200
20/08/2018,2,27,5,5,3,0,0,1013,0,50,144
20/08/2018,7,27,45,45,44,0,0,24575,4036,2004,327
20/08/2018,8,27,12,12,12,0,0,7326,835,729,81
20/08/2018,9,27,14,14,12,0,0,3823,0,283,215
20/08/2018,14,27,30,29,29,1,0,9945,0,670,279
20/08/2018,17,27,48,47,45,1,1,23620,368,2426,666
21/08/2018,2,27,13,12,11,1,1,2614,0,311,321
21/08/2018,7,27,27,27,27,0,0,11728,959,1183,212
21/08/2018,8,27,1,1,1,0,0,252,0,60,8
21/08/2018,9,27,6,6,6,0,0,1910,0,149,55
21/08/2018,12,27,1,1,1,0,0,380,0,60,6
21/08/2018,14,27,17,17,15,0,0,5185,0,265,313
21/08/2018,17,27,53,51,51,2,1,32121,3333,2721,315
22/08/2018,2,27,12,12,12,0,0,2577,0,249,109
22/08/2018,7,27,33,33,33,0,0,12483,1814,1615,243
22/08/2018,8,27,2,2,2,0,0,4425,31,180,13
22/08/2018,9,27,10,10,9,0,0,3512,0,293,164
22/08/2018,12,27,1,1,1,0,0,1060,0,4,14
22/08/2018,14,27,24,23,23,1,0,7661,0,581,201
22/08/2018,17,27,55,54,51,1,1,31391,386,2785,615
23/08/2018,2,27,5,5,5,0,0,1015,0,114,50
23/08/2018,7,27,32,31,26,1,0,18218,2982,1441,791
23/08/2018,8,27,6,6,6,0,0,3941,106,335,45
23/08/2018,9,27,3,3,3,0,0,775,0,20,20
23/08/2018,14,27,33,31,30,2,1,8083,0,564,325
23/08/2018,17,27,51,50,50,1,0,36186,4302,2522,315
24/08/2018,2,27,5,5,5,0,0,1485,0,38,49
24/08/2018,7,27,26,23,20,3,2,10536,1505,1278,760
24/08/2018,8,27,3,3,3,0,0,976,0,18,25
24/08/2018,9,27,4,4,4,0,0,2897,0,68,39
24/08/2018,14,27,12,11,11,1,1,6691,0,291,111
24/08/2018,17,27,50,49,47,1,0,24989,0,2518,766
25/08/2018,7,27,3,3,3,0,0,1277,96,146,40
25/08/2018,17,27,12,12,10,0,0,4804,1059,560,951
26/08/2018,2,27,6,6,5,0,0,2201,0,98,180
26/08/2018,7,27,7,7,7,0,0,3637,329,365,58
26/08/2018,14,27,19,17,17,2,0,5405,0,635,177
26/08/2018,17,27,9,9,9,0,0,9092,0,351,81
27/08/2018,2,27,7,7,7,0,0,2044,0,202,67
27/08/2018,7,27,33,31,31,2,1,13002,1681,1485,215
27/08/2018,8,27,5,5,5,0,0,1740,0,144,37
27/08/2018,9,27,14,13,13,1,0,4245,0,256,109
27/08/2018,12,27,2,2,2,0,0,1356,0,120,13
27/08/2018,14,27,34,32,28,2,1,7492,0,912,707
27/08/2018,17,27,45,45,45,0,0,30897,4181,2447,248
28/08/2018,2,27,13,10,10,3,0,2847,0,194,99
28/08/2018,7,27,32,32,32,0,0,14629,2269,1477,244
28/08/2018,8,27,8,8,8,0,0,5691,312,373,51
28/08/2018,9,27,19,17,16,2,0,6376,0,405,249
28/08/2018,14,27,34,33,30,1,0,8565,0,825,450
28/08/2018,17,27,50,48,48,2,0,28385,241,2515,291
29/08/2018,2,27,13,13,13,0,0,3939,0,201,108
29/08/2018,7,27,33,33,33,0,0,12280,2334,1824,277
29/08/2018,8,27,3,3,3,0,0,1862,64,169,14
29/08/2018,9,27,14,13,13,1,0,2788,0,234,113
29/08/2018,12,27,1,1,1,0,0,561,0,60,7
29/08/2018,14,27,28,25,25,3,1,9469,0,683,261
29/08/2018,17,27,61,56,55,5,3,35090,3841,2885,385
30/08/2018,2,27,11,11,11,0,0,2422,0,207,96
30/08/2018,7,27,26,25,23,1,1,15980,1943,1265,487
30/08/2018,8,27,3,3,3,0,0,1268,123,132,12
30/08/2018,9,27,4,4,4,0,0,706,0,56,35
30/08/2018,12,27,2,2,2,0,0,1069,0,64,14
30/08/2018,14,27,37,36,36,1,1,8513,0,1017,328
30/08/2018,17,27,65,64,61,1,1,32932,197,3353,857
31/08/2018,2,27,7,6,6,1,1,2392,0,174,50
31/08/2018,7,27,23,23,22,0,0,14082,1656,1285,204
31/08/2018,8,27,1,1,1,0,0,461,0,22,10
31/08/2018,9,27,6,6,6,0,0,1554,0,102,57
31/08/2018,12,27,3,1,0,2,1,588,0,60,102
31/08/2018,14,27,12,12,12,0,0,4030,0,289,104
31/08/2018,17,27,49,49,49,0,0,26733,3055,2658,355
01/09/2018,7,27,16,16,15,0,0,6134,1268,813,182
01/09/2018,17,27,15,15,14,0,0,8774,0,743,498
02/09/2018,2,27,3,3,3,0,0,860,0,82,26
02/09/2018,7,27,5,5,5,0,0,2298,390,300,57
02/09/2018,14,27,25,23,21,2,2,6983,0,628,357
02/09/2018,17,27,3,3,3,0,0,2429,506,76,16
03/09/2018,2,27,6,6,6,0,0,703,0,268,63
03/09/2018,7,27,19,17,16,2,1,6246,682,1020,1091
03/09/2018,8,27,5,5,3,0,0,2571,117,230,136
03/09/2018,9,27,16,16,15,0,0,5023,165,262,223
03/09/2018,12,27,8,8,7,0,0,2827,0,480,217
03/09/2018,14,27,31,30,29,1,0,12111,0,672,357
03/09/2018,17,27,71,66,62,5,1,36371,344,3703,1235
04/09/2018,2,27,3,3,3,0,0,715,0,61,29
04/09/2018,7,27,48,48,43,0,0,31720,4133,2631,1607
04/09/2018,8,27,2,2,1,0,0,1861,100,132,63
04/09/2018,9,27,7,5,4,2,0,3045,0,203,459
04/09/2018,12,27,1,1,1,0,0,742,0,60,11
04/09/2018,14,27,49,45,44,4,1,13618,0,1055,489
04/09/2018,17,27,46,45,45,1,1,28351,2364,2337,283
05/09/2018,2,27,6,6,6,0,0,4499,0,76,48
05/09/2018,7,27,35,35,35,0,0,21537,2564,1728,252
05/09/2018,8,27,2,1,1,1,1,303,0,39,7
05/09/2018,9,27,6,6,5,0,0,1541,0,159,202
05/09/2018,12,27,2,2,2,0,0,1642,0,120,16
05/09/2018,14,27,40,37,37,3,1,12712,0,1029,358
05/09/2018,17,27,20,20,20,0,0,9570,0,1200,129
06/09/2018,2,27,21,20,20,1,1,4005,0,505,186
06/09/2018,7,27,29,29,24,0,0,13812,1532,1609,516
06/09/2018,8,27,1,0,0,1,1,0,0,0,0
06/09/2018,9,27,8,8,8,0,0,2582,2,226,53
06/09/2018,14,27,40,37,34,3,1,13664,0,1231,748
06/09/2018,17,27,55,55,53,0,0,40532,2420,2999,567
07/09/2018,2,27,4,4,4,0,0,774,0,75,37
07/09/2018,7,27,26,26,25,0,0,12968,1767,1370,316
07/09/2018,8,27,4,4,4,0,0,1921,0,32,31
07/09/2018,9,27,9,9,9,0,0,2931,0,106,77
07/09/2018,14,27,12,10,10,2,1,2194,0,244,88
07/09/2018,17,27,5,5,5,0,0,2858,0,148,30
08/09/2018,7,27,10,9,9,1,0,6325,477,364,72
08/09/2018,17,27,9,9,9,0,0,5963,1251,317,57
09/09/2018,2,27,3,3,3,0,0,1587,0,85,29
09/09/2018,7,27,4,4,4,0,0,1618,67,240,34
09/09/2018,14,27,25,24,23,1,0,7036,0,785,365
09/09/2018,17,27,5,5,5,0,0,3566,0,300,38
10/09/2018,2,27,10,10,10,0,0,4019,0,241,92
10/09/2018,7,27,32,32,32,0,0,12256,1570,1653,221
10/09/2018,8,27,1,1,1,0,0,773,0,4,8
10/09/2018,9,27,6,6,6,0,0,3562,0,164,36
10/09/2018,12,27,2,1,1,1,0,248,0,60,8
10/09/2018,14,27,29,29,28,0,0,9900,0,850,447
10/09/2018,17,27,51,49,48,2,1,27790,3501,2775,492
11/09/2018,2,27,12,12,12,0,0,4958,0,328,124
11/09/2018,7,27,32,31,31,1,1,14028,1143,1554,217
11/09/2018,8,27,4,4,4,0,0,4738,0,141,27
11/09/2018,9,27,9,9,9,0,0,2889,53,162,65
11/09/2018,12,27,1,1,1,0,0,91,0,60,7
11/09/2018,14,27,33,33,33,0,0,10908,0,986,305
11/09/2018,17,27,50,50,50,0,0,33555,176,2736,370
12/09/2018,2,27,16,16,16,0,0,3560,82,509,154
12/09/2018,7,27,15,15,15,0,0,7583,1042,843,107
12/09/2018,9,27,5,4,4,1,1,3023,0,31,27
12/09/2018,12,27,1,1,1,0,0,106,0,60,6
12/09/2018,14,27,28,28,28,0,0,9160,0,599,261
12/09/2018,17,27,48,47,47,1,1,28484,2528,2632,315
13/09/2018,2,27,10,10,9,0,0,2890,0,328,211
13/09/2018,7,27,24,24,24,0,0,8298,1496,1288,168
13/09/2018,8,27,3,3,3,0,0,1063,0,41,20
13/09/2018,9,27,7,7,6,0,0,3244,0,228,79
13/09/2018,12,27,3,3,3,0,0,651,0,75,18
13/09/2018,14,27,21,21,20,0,0,5775,0,553,224
13/09/2018,17,27,48,48,46,0,0,21159,247,2559,691
14/09/2018,2,27,5,5,5,0,0,603,0,45,46
14/09/2018,7,27,30,29,27,1,0,9970,1731,1480,743
14/09/2018,8,27,4,4,4,0,0,3737,0,131,26
14/09/2018,9,27,11,10,10,1,0,5058,0,363,65
14/09/2018,12,27,5,1,1,4,0,451,0,5,6
14/09/2018,14,27,15,15,15,0,0,4582,0,530,140
14/09/2018,17,27,41,41,40,0,0,25675,2040,2344,355
15/09/2018,7,27,14,13,13,1,1,3802,431,470,99
15/09/2018,17,27,14,14,12,0,0,8424,0,769,174
16/09/2018,2,27,6,4,3,2,1,424,0,40,178
16/09/2018,7,27,10,10,10,0,0,4705,398,600,92
16/09/2018,14,27,15,15,14,0,0,2477,0,389,202
16/09/2018,17,27,3,3,3,0,0,2575,315,180,21
17/09/2018,2,27,9,9,9,0,0,1652,0,212,88
17/09/2018,7,27,33,32,31,1,1,16079,3504,1826,503
17/09/2018,8,27,4,4,4,0,0,1930,0,83,23
17/09/2018,9,27,8,8,8,0,0,2278,0,156,53
17/09/2018,12,27,3,2,2,1,0,438,0,86,14
17/09/2018,14,27,33,30,28,3,1,12299,0,1020,596
17/09/2018,17,27,52,51,49,1,1,29683,66,2744,624
18/09/2018,2,27,9,8,8,1,1,1881,0,132,76
18/09/2018,7,27,35,34,31,1,0,18520,1851,1651,624
18/09/2018,8,27,3,2,2,1,1,2845,0,12,11
18/09/2018,9,27,16,16,16,0,0,7406,0,438,115
18/09/2018,14,27,27,27,25,0,0,9971,0,627,473
18/09/2018,17,27,50,50,48,0,0,30529,1166,2951,526
19/09/2018,2,27,12,11,11,1,0,2952,0,231,105
19/09/2018,7,27,20,20,19,0,0,12770,1895,1085,164
19/09/2018,9,27,3,3,3,0,0,999,0,72,26
19/09/2018,12,27,2,2,1,0,0,222,0,65,39
19/09/2018,14,27,21,21,21,0,0,7342,0,552,215
19/09/2018,17,27,60,55,55,5,1,33174,0,3163,361
20/09/2018,2,27,10,10,10,0,0,5275,0,214,97
20/09/2018,7,27,27,26,25,1,1,16781,2447,1382,221
20/09/2018,8,27,1,1,1,0,0,357,0,9,6
20/09/2018,9,27,15,14,12,1,0,6184,26,246,173
20/09/2018,12,27,1,1,1,0,0,161,0,4,12
20/09/2018,14,27,14,13,13,1,1,8295,0,305,116
20/09/2018,17,27,61,53,53,8,1,36185,1476,3126,306
21/09/2018,2,27,11,11,11,0,0,3177,0,381,116
21/09/2018,7,27,25,25,24,0,0,16839,2611,1293,229
21/09/2018,9,27,4,4,4,0,0,1009,0,79,28
21/09/2018,12,27,1,1,1,0,0,382,0,5,6
21/09/2018,14,27,4,4,4,0,0,1810,0,137,38
21/09/2018,17,27,43,41,41,2,2,18616,1108,2129,294
22/09/2018,7,27,12,11,9,1,0,3285,681,600,285
22/09/2018,17,27,8,8,8,0,0,9155,222,480,60
23/09/2018,7,27,8,8,7,0,0,3222,324,459,193
23/09/2018,17,27,11,10,10,1,0,4988,0,460,113
24/09/2018,2,27,9,7,6,2,1,1559,0,63,166
24/09/2018,7,27,32,32,32,0,0,13416,1746,1573,233
24/09/2018,8,27,3,3,3,0,0,741,0,26,19
24/09/2018,9,27,11,10,9,1,0,6413,96,265,114
24/09/2018,12,27,2,2,2,0,0,1019,0,64,12
24/09/2018,17,27,55,54,54,1,1,25477,806,3068,314
25/09/2018,2,27,11,10,8,1,1,2993,0,142,188
25/09/2018,7,27,39,37,35,2,1,17730,1161,2119,593
25/09/2018,8,27,1,1,1,0,0,184,0,10,6
25/09/2018,9,27,10,10,10,0,0,3060,154,264,86
25/09/2018,12,27,2,2,2,0,0,1477,0,11,15
25/09/2018,17,27,62,59,57,3,3,32696,446,3154,485
26/09/2018,2,27,14,9,8,5,2,3545,0,212,136
26/09/2018,7,27,35,35,35,0,0,20083,1896,1995,270
26/09/2018,8,27,6,5,4,1,1,8380,0,47,66
26/09/2018,9,27,6,6,6,0,0,2523,0,192,45
26/09/2018,12,27,2,2,2,0,0,1174,0,64,12
26/09/2018,14,27,16,16,16,0,0,4726,0,315,148
26/09/2018,17,27,55,55,55,0,0,31721,2828,2979,317
27/09/2018,2,27,15,9,9,6,2,5295,0,118,85
27/09/2018,7,27,33,32,30,1,0,22833,4122,1650,865
27/09/2018,8,27,2,2,2,0,0,293,0,18,16
27/09/2018,9,27,10,10,9,0,0,2791,0,251,106
27/09/2018,12,27,3,3,2,0,0,1320,0,12,63
27/09/2018,14,27,25,24,24,1,0,9563,0,657,205
27/09/2018,17,27,47,44,44,3,2,20496,0,2107,279
28/09/2018,2,27,11,9,9,2,1,4437,0,155,80
28/09/2018,7,27,33,33,31,0,0,16184,1731,1779,378
28/09/2018,8,27,4,4,4,0,0,1581,0,35,33
28/09/2018,9,27,9,9,9,0,0,6938,0,184,74
28/09/2018,12,27,4,4,4,0,0,2096,0,204,26
28/09/2018,14,27,12,12,12,0,0,2534,0,292,111
28/09/2018,17,27,68,66,66,2,1,36389,3361,3151,472
29/09/2018,2,27,10,8,6,2,0,2036,0,140,695
29/09/2018,7,27,15,14,12,1,0,5660,908,677,1073
29/09/2018,17,27,7,6,5,1,1,3311,0,198,349
30/09/2018,2,27,3,3,3,0,0,1620,0,29,32
30/09/2018,7,27,12,11,11,1,1,4362,641,603,87
30/09/2018,14,27,9,9,6,0,0,2146,0,379,246
30/09/2018,17,27,23,11,9,12,2,5326,0,566,755
01/10/2018,7,27,31,29,28,2,0,15473,1767,1291,256
01/10/2018,8,27,3,3,3,0,0,1536,0,21,18
01/10/2018,9,27,9,9,9,0,0,2921,0,191,60
01/10/2018,12,27,3,3,3,0,0,578,0,124,18
01/10/2018,14,27,24,24,23,0,0,8775,0,837,332
01/10/2018,17,27,85,80,78,5,2,39635,545,4324,723
02/10/2018,7,27,14,14,14,0,0,5115,726,794,103
02/10/2018,8,27,2,2,2,0,0,1956,0,64,12
02/10/2018,9,27,7,7,7,0,0,2616,0,167,48
02/10/2018,12,27,2,2,2,0,0,331,0,120,14
02/10/2018,14,27,17,13,13,4,0,2492,0,341,147
02/10/2018,17,27,74,72,72,2,1,38977,1964,3910,413
03/10/2018,7,27,24,24,24,0,0,10127,1196,1246,183
03/10/2018,8,27,4,4,4,0,0,2024,0,18,31
03/10/2018,14,27,19,17,14,2,1,4098,0,238,776
03/10/2018,17,27,58,57,56,1,0,21999,0,3390,689
04/10/2018,7,27,40,38,36,2,0,22943,1705,1939,351
04/10/2018,8,27,1,1,1,0,0,123,35,60,5
04/10/2018,9,27,10,10,9,0,0,2453,0,231,158
04/10/2018,12,27,2,2,2,0,0,1060,0,8,10
04/10/2018,14,27,20,18,17,2,1,5668,0,210,382
04/10/2018,17,27,53,53,51,0,0,30758,2564,2921,585
05/10/2018,7,27,23,23,22,0,0,13171,1427,1053,421
05/10/2018,8,27,1,1,1,0,0,198,0,4,8
05/10/2018,9,27,6,6,6,0,0,2602,0,260,43
05/10/2018,12,27,2,2,2,0,0,233,0,9,15
05/10/2018,14,27,14,14,14,0,0,3678,0,111,133
05/10/2018,17,27,48,40,39,8,2,20496,35,1919,485
06/10/2018,7,27,10,9,9,1,0,2749,462,518,64
06/10/2018,17,27,10,9,9,1,0,4798,381,428,66
07/10/2018,2,27,18,14,12,4,1,5288,0,262,212
07/10/2018,7,27,9,8,8,1,0,4625,1002,480,61
07/10/2018,14,27,10,10,10,0,0,3791,0,157,100
07/10/2018,17,27,9,6,5,3,0,4339,0,312,368
15/10/2018,2,27,7,7,7,0,0,1790,0,228,58
15/10/2018,7,27,69,67,63,2,1,41245,2872,3820,949
15/10/2018,8,27,10,10,10,0,0,6966,0,167,52
15/10/2018,9,27,24,24,23,0,0,14952,0,451,724
15/10/2018,12,27,3,3,3,0,0,179,0,125,17
15/10/2018,14,27,14,13,13,1,1,4330,0,304,123
15/10/2018,17,27,58,57,57,1,0,26098,241,3276,440
16/10/2018,2,27,8,8,8,0,0,1123,0,115,84
16/10/2018,7,27,48,47,46,1,1,21379,3518,2614,323
16/10/2018,8,27,3,3,3,0,0,610,0,34,29
16/10/2018,9,27,12,12,9,0,0,5179,0,233,785
16/10/2018,12,27,1,1,1,0,0,105,0,60,8
16/10/2018,14,27,26,26,26,0,0,10024,0,766,247
16/10/2018,17,27,88,78,68,10,7,48623,439,4528,1409
17/10/2018,2,27,11,11,11,0,0,3281,0,335,106
17/10/2018,7,27,49,46,46,3,3,23400,2647,2383,331
17/10/2018,8,27,1,1,1,0,0,840,0,8,4
17/10/2018,9,27,13,13,13,0,0,8424,0,234,80
17/10/2018,14,27,27,26,26,1,0,8439,0,982,230
17/10/2018,17,27,78,77,74,1,1,43621,338,4301,875
18/10/2018,2,27,12,12,12,0,0,3809,0,179,110
18/10/2018,7,27,33,32,31,1,0,15067,2302,1708,385
18/10/2018,9,27,12,12,12,0,0,5247,0,282,85
18/10/2018,12,27,3,1,0,2,0,391,116,60,272
18/10/2018,14,27,29,25,24,4,1,6129,0,673,233
18/10/2018,17,27,57,57,57,0,0,31314,276,3420,368
19/10/2018,2,27,7,7,7,0,0,900,0,81,77
19/10/2018,7,27,38,37,36,1,1,25970,2514,1712,304
19/10/2018,8,27,1,1,1,0,0,860,0,8,8
19/10/2018,9,27,6,5,5,1,0,2032,0,139,38
19/10/2018,12,27,3,2,2,1,0,312,0,71,10
19/10/2018,14,27,15,14,14,1,1,3806,0,389,130
19/10/2018,17,27,57,55,55,2,1,27931,566,2939,418
20/10/2018,7,27,11,10,10,1,0,4336,456,600,80
20/10/2018,17,27,11,11,11,0,0,6412,0,508,82
21/10/2018,2,27,5,5,5,0,0,951,0,103,54
21/10/2018,7,27,10,10,9,0,0,3657,1499,600,330
21/10/2018,14,27,21,19,17,2,1,2831,0,448,246
21/10/2018,17,27,26,22,20,4,1,11668,244,1021,261
08/10/2018,2,27,20,19,17,1,1,6779,0,271,291
08/10/2018,7,27,29,28,26,1,0,15782,1640,1384,1712
08/10/2018,8,27,1,1,1,0,0,370,0,9,6
08/10/2018,9,27,10,10,10,0,0,4534,0,255,67
08/10/2018,12,27,2,2,2,0,0,800,0,103,10
08/10/2018,14,27,15,13,13,2,1,3600,0,344,118
08/10/2018,17,27,67,66,65,1,0,35293,1725,3567,446
09/10/2018,2,27,8,8,8,0,0,1221,0,182,71
09/10/2018,7,27,36,36,35,0,0,19768,1722,2019,284
09/10/2018,8,27,3,3,3,0,0,481,0,25,14
09/10/2018,9,27,14,14,14,0,0,3814,1,251,91
09/10/2018,14,27,11,11,10,0,0,4365,0,337,133
09/10/2018,17,27,39,37,37,2,2,17001,271,2144,257
10/10/2018,2,27,8,8,8,0,0,1545,0,79,63
10/10/2018,7,27,26,26,26,0,0,12642,1675,1450,196
10/10/2018,8,27,5,5,5,0,0,3769,0,61,33
10/10/2018,9,27,6,6,6,0,0,2936,0,155,36
10/10/2018,12,27,2,2,2,0,0,145,0,65,12
10/10/2018,14,27,27,27,26,0,0,11795,0,774,344
10/10/2018,17,27,48,48,48,0,0,29386,2553,2489,331
11/10/2018,2,27,4,4,4,0,0,1115,0,59,32
11/10/2018,7,27,17,17,17,0,0,10492,1108,977,122
11/10/2018,8,27,2,2,2,0,0,744,0,21,14
11/10/2018,9,27,5,5,5,0,0,2961,0,156,55
11/10/2018,12,27,6,6,6,0,0,4074,0,215,32
11/10/2018,14,27,18,18,18,0,0,6190,0,564,169
11/10/2018,17,27,41,40,40,1,1,17550,0,2191,261
12/10/2018,2,27,6,6,6,0,0,1488,0,98,50
12/10/2018,7,27,38,34,32,4,1,13879,1406,1894,606
12/10/2018,8,27,4,4,4,0,0,1781,0,50,33
12/10/2018,9,27,10,10,10,0,0,5054,0,390,72
12/10/2018,12,27,11,4,3,7,1,2184,0,221,483
12/10/2018,14,27,10,10,10,0,0,2982,0,303,86
12/10/2018,17,27,11,11,11,0,0,4737,339,609,67
13/10/2018,7,27,57,38,20,19,2,20184,2635,2280,14850
13/10/2018,17,27,10,10,10,0,0,5172,1569,600,88
14/10/2018,2,27,7,6,6,1,0,1577,0,92,49
14/10/2018,7,27,25,20,16,5,0,11936,648,1052,1229
14/10/2018,14,27,25,17,15,8,2,4493,0,429,358
14/10/2018,17,27,10,10,10,0,0,4575,587,552,88
22/10/2018,2,27,16,16,16,0,0,4629,0,192,142
22/10/2018,7,27,35,35,35,0,0,16097,2366,1757,239
22/10/2018,8,27,1,1,1,0,0,200,0,4,5
22/10/2018,9,27,10,10,10,0,0,5004,0,214,67
22/10/2018,12,27,3,3,3,0,0,677,0,60,18
22/10/2018,14,27,44,40,37,4,3,11743,0,1178,632
22/10/2018,17,27,79,71,65,8,1,41686,1189,4225,1175
23/10/2018,2,27,10,10,9,0,0,1509,0,127,159
23/10/2018,7,27,33,32,31,1,0,16317,2396,1555,629
23/10/2018,8,27,3,3,3,0,0,1064,0,23,21
23/10/2018,9,27,9,9,9,0,0,4344,0,225,63
23/10/2018,14,27,33,32,29,1,0,6970,0,1177,466
23/10/2018,17,27,68,56,42,12,5,23617,0,2606,2344
24/10/2018,2,27,8,8,8,0,0,2017,0,102,70
24/10/2018,7,27,35,34,34,1,1,16789,1508,1788,269
24/10/2018,8,27,6,6,6,0,0,3612,0,57,45
24/10/2018,9,27,15,15,15,0,0,5708,0,146,86
24/10/2018,14,27,25,22,18,3,0,7997,95,998,335
24/10/2018,17,27,40,39,39,1,1,21446,299,2238,247
25/10/2018,2,27,6,6,6,0,0,1911,0,54,62
25/10/2018,7,27,41,40,39,1,0,21172,1331,2008,315
25/10/2018,8,27,2,2,2,0,0,1066,0,23,11
25/10/2018,9,27,3,3,3,0,0,1017,0,56,25
25/10/2018,12,27,2,2,2,0,0,524,0,39,12
25/10/2018,14,27,22,21,18,1,1,7898,0,651,293
25/10/2018,17,27,66,55,48,11,3,29379,331,2992,1177
26/10/2018,2,27,3,3,3,0,0,1472,0,14,34
26/10/2018,7,27,28,27,25,1,0,14727,666,1265,362
26/10/2018,8,27,1,1,1,0,0,2487,0,6,7
26/10/2018,9,27,8,8,8,0,0,4602,0,150,44
26/10/2018,12,27,4,3,3,1,0,1905,0,88,20
26/10/2018,14,27,5,4,4,1,1,771,0,186,34
26/10/2018,17,27,61,59,57,2,0,30223,157,3396,712
27/10/2018,7,27,6,6,6,0,0,1408,381,360,72
27/10/2018,17,27,18,17,15,1,0,7415,903,1119,194
28/10/2018,2,27,3,3,3,0,0,535,0,21,18
28/10/2018,7,27,6,6,6,0,0,5386,925,360,53
28/10/2018,14,27,15,14,14,1,0,3030,0,251,116
28/10/2018,17,27,9,9,9,0,0,6477,260,485,60
29/10/2018,2,27,9,9,9,0,0,2272,0,208,77
29/10/2018,7,27,41,41,40,0,0,22305,3463,2290,300
29/10/2018,14,27,19,17,17,2,2,5634,0,487,142
29/10/2018,17,27,92,90,84,2,1,42594,543,5218,1524
30/10/2018,2,27,7,6,6,1,0,1508,0,66,68
30/10/2018,7,27,40,40,40,0,0,22899,3563,1960,270
30/10/2018,14,27,28,28,28,0,0,9845,0,898,228
30/10/2018,17,27,91,73,59,18,10,45126,0,4037,3392
31/10/2018,2,27,2,2,2,0,0,310,0,66,16
31/10/2018,7,27,28,28,28,0,0,18345,2725,1304,184
31/10/2018,14,27,18,18,17,0,0,5283,37,445,197
31/10/2018,17,27,44,41,37,3,0,20144,804,2460,950
01/11/2018,2,27,13,11,8,2,0,4109,0,243,504
01/11/2018,7,27,31,30,30,1,1,12562,1018,1695,200
01/11/2018,9,27,11,11,9,0,0,7429,0,386,368
01/11/2018,14,27,20,18,18,2,1,4055,0,429,157
01/11/2018,17,27,62,57,52,5,0,33574,0,3090,1128
02/11/2018,2,27,3,3,3,0,0,1247,0,76,24
02/11/2018,7,27,30,30,30,0,0,13879,1742,1487,189
02/11/2018,8,27,2,2,2,0,0,636,0,9,16
02/11/2018,9,27,9,9,9,0,0,6226,0,310,57
02/11/2018,14,27,15,13,13,2,0,3151,0,306,133
02/11/2018,17,27,17,15,14,2,0,7476,390,849,399
03/11/2018,7,27,10,10,10,0,0,4641,208,600,81
03/11/2018,17,27,15,12,12,3,0,7312,609,626,112
04/11/2018,2,27,8,7,6,1,0,2184,0,152,151
04/11/2018,7,27,7,7,7,0,0,2865,364,363,59
04/11/2018,14,27,24,21,19,3,1,7358,0,649,344
04/11/2018,17,27,31,18,14,13,5,4309,0,687,1776
05/11/2018,2,27,7,7,7,0,0,1895,0,117,73
05/11/2018,7,27,33,33,32,0,0,20582,2732,1781,269
05/11/2018,8,27,6,6,5,0,0,3482,0,150,77
05/11/2018,9,27,7,7,5,0,0,3141,0,235,121
05/11/2018,14,27,21,21,21,0,0,6074,52,475,208
05/11/2018,17,27,56,54,51,2,1,34803,1117,3041,941
06/11/2018,2,27,12,11,11,1,0,5004,0,451,108
06/11/2018,7,27,22,20,19,2,1,10778,913,1068,158
06/11/2018,9,27,7,7,7,0,0,2956,0,194,52
06/11/2018,12,27,5,5,1,0,0,2192,0,46,1454
06/11/2018,14,27,29,23,22,6,2,8050,0,831,315
06/11/2018,17,27,68,66,65,2,1,39135,82,3683,550
07/11/2018,2,27,13,13,13,0,0,6907,0,308,117
07/11/2018,7,27,32,31,29,1,0,17998,2347,1709,335
07/11/2018,9,27,6,6,6,0,0,1206,0,76,40
07/11/2018,12,27,5,4,2,1,0,2304,0,74,1161
07/11/2018,14,27,29,25,25,4,3,10251,0,850,234
07/11/2018,17,27,54,50,50,4,1,23499,0,2938,320
08/11/2018,2,27,10,9,9,1,0,3864,0,257,85
08/11/2018,7,27,26,23,23,3,3,11936,1054,1163,145
08/11/2018,9,27,11,10,9,1,0,6991,0,118,157
08/11/2018,12,27,1,1,1,0,0,330,0,60,9
08/11/2018,14,27,29,27,24,2,2,14394,0,998,1114
08/11/2018,17,27,38,38,38,0,0,26419,685,2234,241
09/11/2018,2,27,9,8,7,1,1,5312,0,196,249
09/11/2018,7,27,28,28,26,0,0,16656,1148,1362,412
09/11/2018,8,27,3,3,3,0,0,1643,0,74,22
09/11/2018,9,27,1,1,1,0,0,159,0,8,9
09/11/2018,14,27,8,7,7,1,1,1967,0,189,59
09/11/2018,17,27,34,29,29,5,3,16009,0,1685,217
10/11/2018,7,27,3,3,3,0,0,1769,72,180,22
10/11/2018,17,27,24,23,19,1,1,13381,255,1217,2021
11/11/2018,2,27,6,6,6,0,0,2220,0,125,62
11/11/2018,7,27,9,9,8,0,0,2549,753,540,97
11/11/2018,14,27,16,15,14,1,0,5004,0,311,169
11/11/2018,17,27,43,34,21,9,2,11582,0,1372,3556
12/11/2018,2,27,14,14,14,0,0,4499,0,514,130
12/11/2018,7,27,24,23,23,1,1,12636,1248,1191,172
12/11/2018,8,27,2,2,2,0,0,3004,0,11,14
12/11/2018,9,27,8,8,5,0,0,4188,0,121,270
12/11/2018,12,27,1,1,1,0,0,458,0,12,7
12/11/2018,14,27,32,32,32,0,0,12325,0,476,288
12/11/2018,17,27,65,62,57,3,3,28892,405,3604,1006
13/11/2018,2,27,11,9,9,2,1,7766,0,360,71
13/11/2018,7,27,43,43,42,0,0,24307,5184,2268,583
13/11/2018,8,27,2,2,2,0,0,1343,0,18,17
13/11/2018,9,27,9,9,9,0,0,4378,0,277,81
13/11/2018,12,27,3,3,3,0,0,494,0,75,22
13/11/2018,14,27,32,32,31,0,0,12817,0,562,319
13/11/2018,17,27,49,46,44,3,2,25845,236,2674,565
14/11/2018,2,27,6,6,6,0,0,2291,0,249,64
14/11/2018,7,27,46,46,42,0,0,30443,2662,2340,968
14/11/2018,8,27,1,1,1,0,0,367,0,6,6
14/11/2018,9,27,6,6,4,0,0,4363,0,90,311
14/11/2018,12,27,1,1,1,0,0,96,0,60,5
14/11/2018,14,27,30,26,26,4,1,8996,0,765,223
14/11/2018,17,27,57,55,54,2,1,28504,1123,3175,509
15/11/2018,2,27,10,10,10,0,0,6672,0,314,79
15/11/2018,7,27,37,37,35,0,0,22316,3172,2030,596
15/11/2018,9,27,6,5,5,1,1,1786,0,73,29
15/11/2018,12,27,3,3,3,0,0,1728,0,46,25
15/11/2018,14,27,21,21,18,0,0,7044,0,474,385
15/11/2018,17,27,17,13,12,4,1,7894,0,720,205
16/11/2018,2,27,5,4,4,1,0,2711,0,87,38
16/11/2018,7,27,23,22,22,1,1,19591,1147,1265,145
16/11/2018,8,27,1,1,1,0,0,439,0,6,5
16/11/2018,9,27,7,7,7,0,0,2472,0,173,38
16/11/2018,12,27,2,1,1,1,0,365,0,4,8
16/11/2018,14,27,12,12,12,0,0,4653,0,252,103
16/11/2018,17,27,34,28,23,6,2,20528,2448,1589,1976
17/11/2018,7,27,8,8,7,0,0,3054,486,480,150
17/11/2018,17,27,9,7,7,2,0,4082,0,377,61
18/11/2018,2,27,8,7,7,1,1,1817,0,83,54
18/11/2018,7,27,4,4,4,0,0,1504,282,189,30
18/11/2018,14,27,15,14,14,1,1,3607,0,631,124
18/11/2018,17,27,2,2,2,0,0,1570,0,120,15
19/11/2018,2,27,10,9,9,1,0,3560,0,240,80
19/11/2018,7,27,38,37,35,1,0,23048,2627,1928,1286
19/11/2018,8,27,3,2,2,1,0,520,0,17,10
19/11/2018,9,27,8,8,8,0,0,3956,0,122,46
19/11/2018,12,27,3,1,1,2,0,252,0,5,8
19/11/2018,14,27,20,18,18,2,0,9373,0,590,157
19/11/2018,17,27,58,52,48,6,0,26030,0,2943,996
20/11/2018,2,27,12,12,12,0,0,5673,0,431,105
20/11/2018,7,27,32,32,32,0,0,20618,2914,1789,260
20/11/2018,8,27,1,1,1,0,0,158,0,5,5
20/11/2018,9,27,8,8,7,0,0,1907,0,57,90
20/11/2018,12,27,2,2,2,0,0,966,0,29,12
20/11/2018,14,27,21,20,20,1,1,6622,0,806,173
20/11/2018,17,27,43,42,41,1,0,24264,821,2520,326
21/11/2018,2,27,15,15,15,0,0,6855,0,469,149
21/11/2018,7,27,39,38,33,1,0,17787,2539,1775,1309
21/11/2018,8,27,6,5,5,1,1,3924,0,130,36
21/11/2018,9,27,13,13,13,0,0,9664,0,281,79
21/11/2018,12,27,6,5,4,1,0,3883,0,52,78
21/11/2018,14,27,13,13,12,0,0,4833,0,496,206
21/11/2018,17,27,48,46,45,2,0,28381,424,2760,767
22/11/2018,2,27,8,8,8,0,0,7975,0,336,74
22/11/2018,7,27,6,5,4,1,0,2999,296,300,83
22/11/2018,8,27,1,1,1,0,0,827,0,42,8
22/11/2018,9,27,9,8,8,1,1,5028,0,218,60
22/11/2018,12,27,2,1,1,1,0,870,0,6,5
22/11/2018,14,27,20,20,20,0,0,8080,0,576,184
22/11/2018,17,27,71,68,66,3,3,41721,701,3970,631
23/11/2018,2,27,6,6,6,0,0,3365,0,246,55
23/11/2018,7,27,8,8,7,0,0,4198,391,480,131
23/11/2018,8,27,1,1,1,0,0,704,0,16,5
23/11/2018,9,27,7,7,7,0,0,2289,0,179,50
23/11/2018,12,27,2,2,2,0,0,684,0,36,13
23/11/2018,14,27,9,9,9,0,0,1811,0,257,75
23/11/2018,17,27,58,52,47,6,4,28019,3,2859,1081
24/11/2018,7,27,9,9,8,0,0,3116,509,540,120
24/11/2018,17,27,10,9,9,1,0,7738,0,532,70
25/11/2018,2,27,4,4,4,0,0,1052,0,51,39
25/11/2018,7,27,12,12,12,0,0,8442,1464,720,101
25/11/2018,14,27,18,18,18,0,0,5367,0,560,146
25/11/2018,17,27,7,6,6,1,0,5071,0,360,52
26/11/2018,2,27,9,8,8,1,0,3853,0,146,69
26/11/2018,7,27,36,36,34,0,0,23342,1878,1995,462
26/11/2018,8,27,4,4,4,0,0,1604,0,82,23
26/11/2018,9,27,12,12,12,0,0,2480,0,273,82
26/11/2018,14,27,17,16,15,1,1,7695,0,540,190
26/11/2018,17,27,67,66,65,1,1,40503,1044,3535,771
27/11/2018,2,27,9,7,5,2,1,3416,0,117,244
27/11/2018,7,27,35,35,35,0,0,18671,2583,1933,272
27/11/2018,8,27,3,3,3,0,0,780,0,37,17
27/11/2018,9,27,9,9,9,0,0,2136,0,170,66
27/11/2018,12,27,5,4,3,1,0,987,0,39,54
27/11/2018,14,27,30,29,27,1,0,7670,0,848,510
27/11/2018,17,27,46,45,44,1,1,21072,219,2598,902
28/11/2018,2,27,5,5,5,0,0,768,0,109,44
28/11/2018,7,27,34,34,33,0,0,16097,2545,1914,361
28/11/2018,8,27,1,1,1,0,0,376,0,4,5
28/11/2018,9,27,4,4,4,0,0,1256,0,114,26
28/11/2018,12,27,3,3,2,0,0,926,31,18,95
28/11/2018,14,27,31,31,31,0,0,10166,0,982,260
28/11/2018,17,27,63,62,60,1,0,31501,70,3499,614
29/11/2018,2,27,3,3,3,0,0,609,0,28,27
29/11/2018,7,27,33,33,33,0,0,21626,3450,1767,232
29/11/2018,8,27,2,2,2,0,0,1325,0,66,15
29/11/2018,9,27,10,10,10,0,0,1978,0,223,68
29/11/2018,12,27,7,6,6,1,0,2315,0,128,35
29/11/2018,14,27,20,20,20,0,0,6789,0,680,194
29/11/2018,17,27,58,49,49,9,6,25738,0,2841,314
30/11/2018,2,27,3,3,3,0,0,2123,0,126,25
30/11/2018,7,27,35,33,29,2,1,19609,1603,1775,2084
30/11/2018,8,27,2,1,1,1,1,139,0,8,6
30/11/2018,9,27,9,9,8,0,0,2890,0,301,105
30/11/2018,14,27,10,9,9,1,0,5421,0,208,78
30/11/2018,17,27,47,47,43,0,0,21375,378,2340,692
01/12/2018,7,27,7,7,7,0,0,1294,103,420,63
01/12/2018,17,27,18,15,15,3,0,9482,0,900,110
02/12/2018,2,27,3,3,3,0,0,606,0,60,30
02/12/2018,7,27,12,12,12,0,0,10608,1415,720,92
02/12/2018,14,27,15,14,14,1,0,5660,0,278,122
02/12/2018,17,27,10,10,9,0,0,8553,0,472,597
03/12/2018,2,27,7,6,6,1,0,2944,0,255,45
03/12/2018,7,27,33,33,29,0,0,15136,3590,1661,1121
03/12/2018,8,27,3,3,3,0,0,1401,0,75,23
03/12/2018,9,27,14,14,14,0,0,2973,103,214,119
03/12/2018,12,27,2,2,2,0,0,648,0,83,13
03/12/2018,14,27,26,24,22,2,1,9156,0,441,585
03/12/2018,17,27,67,61,57,6,2,33003,0,3479,559
04/12/2018,2,27,8,8,8,0,0,1951,0,140,85
04/12/2018,7,27,32,32,32,0,0,15876,2765,1871,276
04/12/2018,8,27,6,6,6,0,0,5369,0,92,37
04/12/2018,9,27,9,9,9,0,0,3883,0,206,69
04/12/2018,12,27,1,1,1,0,0,1184,0,60,6
04/12/2018,14,27,35,35,35,0,0,10307,0,898,351
04/12/2018,17,27,69,66,63,3,1,29033,254,3632,750
05/12/2018,2,27,4,4,4,0,0,5358,0,141,32
05/12/2018,7,27,32,31,30,1,1,12196,2030,1585,275
05/12/2018,8,27,3,2,2,1,1,1218,0,64,12
05/12/2018,9,27,9,8,7,1,0,2504,0,220,101
05/12/2018,14,27,31,27,27,4,3,10239,0,931,215
05/12/2018,17,27,52,51,49,1,0,31450,645,2857,657
06/12/2018,2,27,7,7,5,0,0,1875,0,160,324
06/12/2018,7,27,36,35,31,1,0,19139,1662,1636,1744
06/12/2018,8,27,3,3,3,0,0,1153,0,27,23
06/12/2018,9,27,11,11,10,0,0,2743,0,365,152
06/12/2018,12,27,2,0,0,2,0,0,0,0,0
06/12/2018,14,27,27,22,22,5,3,6742,0,488,189
06/12/2018,17,27,47,46,46,1,1,20643,0,2680,287
07/12/2018,2,27,3,2,2,1,0,1313,0,26,15
07/12/2018,7,27,31,29,28,2,2,21624,1018,1541,463
07/12/2018,8,27,2,2,2,0,0,1286,0,15,12
07/12/2018,9,27,13,13,13,0,0,7433,0,315,106
07/12/2018,12,27,1,1,1,0,0,385,0,23,6
07/12/2018,14,27,10,9,9,1,0,6003,29,175,84
07/12/2018,17,27,44,43,43,1,0,24256,0,2372,307
08/12/2018,7,27,12,12,10,0,0,3508,381,720,2574
08/12/2018,17,27,18,13,11,5,0,7986,0,587,447
09/12/2018,2,27,3,2,2,1,0,1900,0,64,16
09/12/2018,7,27,9,7,7,2,1,1853,158,420,65
09/12/2018,14,27,17,17,17,0,0,4554,0,609,148
09/12/2018,17,27,11,11,11,0,0,8357,0,607,83
10/12/2018,2,27,9,9,8,0,0,5293,0,247,220
10/12/2018,7,27,26,26,25,0,0,13234,1754,1451,203
10/12/2018,8,27,4,4,4,0,0,1987,97,157,28
10/12/2018,9,27,8,8,6,0,0,2829,0,191,409
10/12/2018,12,27,1,1,1,0,0,177,0,5,5
10/12/2018,14,27,19,19,19,0,0,5817,0,754,165
10/12/2018,17,27,69,64,58,5,3,35183,241,3667,1389
11/12/2018,2,27,6,6,6,0,0,5496,0,136,59
11/12/2018,7,27,32,29,27,3,0,9747,1323,1500,402
11/12/2018,8,27,3,3,3,0,0,1108,92,128,16
11/12/2018,9,27,13,13,12,0,0,3494,0,189,236
11/12/2018,14,27,21,21,21,0,0,6183,0,680,204
11/12/2018,17,27,69,66,63,3,1,44603,264,3760,648
12/12/2018,2,27,3,3,3,0,0,859,0,127,32
12/12/2018,7,27,19,19,19,0,0,8477,1056,925,172
12/12/2018,8,27,2,2,2,0,0,1380,125,120,11
12/12/2018,9,27,9,9,9,0,0,3504,0,120,48
12/12/2018,14,27,26,25,24,1,0,7734,0,719,283
12/12/2018,17,27,61,57,50,4,2,27762,0,3179,1038
13/12/2018,2,27,5,5,5,0,0,1247,0,97,43
13/12/2018,7,27,24,24,23,0,0,13128,1796,1199,185
13/12/2018,8,27,2,2,2,0,0,469,0,120,9
13/12/2018,9,27,10,10,10,0,0,4571,0,183,63
13/12/2018,12,27,7,0,0,7,0,0,0,0,0
13/12/2018,14,27,20,20,19,0,0,9356,0,596,212
13/12/2018,17,27,65,59,54,6,3,35984,613,3417,1316
14/12/2018,2,27,1,1,1,0,0,270,0,15,8
14/12/2018,7,27,27,27,26,0,0,13082,2091,1462,245
14/12/2018,8,27,5,5,5,0,0,1864,24,94,47
14/12/2018,9,27,7,7,7,0,0,3184,0,87,56
14/12/2018,14,27,5,5,5,0,0,2518,0,92,50
14/12/2018,17,27,31,31,31,0,0,18977,370,1795,186
15/12/2018,7,27,8,7,7,1,1,2864,614,420,62
15/12/2018,17,27,24,21,21,3,1,9718,495,1175,133
16/12/2018,2,27,5,5,5,0,0,1039,0,152,51
16/12/2018,7,27,16,16,16,0,0,5000,1008,960,129
16/12/2018,14,27,12,10,8,2,1,2695,0,298,171
16/12/2018,17,27,13,11,11,2,1,4857,0,464,49
